[
    {
        "url": "https://www.kinopoisk.ru/series/4824192/",
        "title": "Экстраординарная (сериал, 2023 – ...)",
        "vote": "7",
        "date": "24.03.2024, 09:55",
        "nameEng": "Extraordinary"
    },
    {
        "url": "https://www.kinopoisk.ru/series/4444756/",
        "title": "Контакт (сериал, 2021 – ...)",
        "vote": "7",
        "date": "24.03.2024, 09:55",
        "nameEng": " "
    },
    {
        "url": "https://www.kinopoisk.ru/series/4397580/",
        "title": "Чёрная птица (мини-сериал, 2022)",
        "vote": "8",
        "date": "15.01.2024, 22:40",
        "nameEng": "Black Bird"
    },
    {
        "url": "https://www.kinopoisk.ru/series/4477341/",
        "title": "Грызня (сериал, 2023)",
        "vote": "8",
        "date": "03.01.2024, 23:00",
        "nameEng": "Beef"
    },
    {
        "url": "https://www.kinopoisk.ru/series/5365497/",
        "title": "Цикады (сериал, 2023)",
        "vote": "8",
        "date": "17.12.2023, 20:11",
        "nameEng": " "
    },
    {
        "url": "https://www.kinopoisk.ru/series/1045553/",
        "title": "Озарк (сериал, 2017 – 2022)",
        "vote": "9",
        "date": "14.12.2023, 23:41",
        "nameEng": "Ozark"
    },
    {
        "url": "https://www.kinopoisk.ru/series/1435087/",
        "title": "Монстр: История Джеффри Дамера (сериал, 2022 – 2024)",
        "vote": "7",
        "date": "04.12.2023, 21:46",
        "nameEng": "Dahmer – Monster: The Jeffrey Dahmer Story"
    },
    {
        "url": "https://www.kinopoisk.ru/series/4295380/",
        "title": "Убийства в одном здании (сериал, 2021 – ...)",
        "vote": "8",
        "date": "04.12.2023, 21:46",
        "nameEng": "Only Murders in the Building"
    },
    {
        "url": "https://www.kinopoisk.ru/series/2040161/",
        "title": "Человек-бензопила (сериал, 2022)",
        "vote": "7",
        "date": "21.10.2023, 20:23",
        "nameEng": "Chainsaw Man"
    },
    {
        "url": "https://www.kinopoisk.ru/series/5214577/",
        "title": "Ира (сериал, 2023)",
        "vote": "6",
        "date": "14.10.2023, 09:31",
        "nameEng": " "
    },
    {
        "url": "https://www.kinopoisk.ru/series/1343318/",
        "title": "Разделение (сериал, 2022 – ...)",
        "vote": "8",
        "date": "06.08.2023, 23:03",
        "nameEng": "Severance"
    },
    {
        "url": "https://www.kinopoisk.ru/series/378244/",
        "title": "Ликвидация (сериал, 2007)",
        "vote": "9",
        "date": "03.06.2023, 20:36",
        "nameEng": " "
    },
    {
        "url": "https://www.kinopoisk.ru/series/1311936/",
        "title": "Трудные подростки (сериал, 2019 – ...)",
        "vote": "8",
        "date": "01.05.2023, 21:39",
        "nameEng": " "
    },
    {
        "url": "https://www.kinopoisk.ru/series/4476885/",
        "title": "Извне (сериал, 2022)",
        "vote": "8",
        "date": "23.03.2023, 22:29",
        "nameEng": "From"
    },
    {
        "url": "https://www.kinopoisk.ru/series/4517660/",
        "title": "Зверобой (сериал, 2022 – ...)",
        "vote": "6",
        "date": "12.03.2023, 21:15",
        "nameEng": " "
    },
    {
        "url": "https://www.kinopoisk.ru/series/4497519/",
        "title": "С нуля (сериал, 2022)",
        "vote": "7",
        "date": "25.02.2023, 22:57",
        "nameEng": " "
    },
    {
        "url": "https://www.kinopoisk.ru/series/1306638/",
        "title": "Мир! Дружба! Жвачка! (сериал, 2020 – ...)",
        "vote": "8",
        "date": "05.02.2023, 21:49",
        "nameEng": " "
    },
    {
        "url": "https://www.kinopoisk.ru/series/1405930/",
        "title": "Территория (сериал, 2020 – 2023)",
        "vote": "7",
        "date": "20.01.2023, 15:54",
        "nameEng": " "
    },
    {
        "url": "https://www.kinopoisk.ru/series/4771892/",
        "title": "Чёрная весна (сериал, 2022)",
        "vote": "8",
        "date": "05.01.2023, 22:03",
        "nameEng": " "
    },
    {
        "url": "https://www.kinopoisk.ru/series/1436044/",
        "title": "Вне себя (сериал, 2021)",
        "vote": "8",
        "date": "25.12.2022, 00:04",
        "nameEng": " "
    },
    {
        "url": "https://www.kinopoisk.ru/series/574497/",
        "title": "Мост (сериал, 2011 – 2018)",
        "vote": "9",
        "date": "10.12.2022, 20:19",
        "nameEng": "Bron/Broen"
    },
    {
        "url": "https://www.kinopoisk.ru/series/1355059/",
        "title": "Беспринципные (сериал, 2020 – ...)",
        "vote": "6",
        "date": "02.12.2022, 18:49",
        "nameEng": " "
    },
    {
        "url": "https://www.kinopoisk.ru/series/1328036/",
        "title": "Happy End (сериал, 2021 – ...)",
        "vote": "7",
        "date": "16.11.2022, 19:19",
        "nameEng": " "
    },
    {
        "url": "https://www.kinopoisk.ru/series/4518018/",
        "title": "И снова здравствуйте! (сериал, 2022 – ...)",
        "vote": "8",
        "date": "02.11.2022, 16:04",
        "nameEng": " "
    },
    {
        "url": "https://www.kinopoisk.ru/series/1338345/",
        "title": "Оффлайн (сериал, 2022 – ...)",
        "vote": "6",
        "date": "27.10.2022, 23:34",
        "nameEng": " "
    },
    {
        "url": "https://www.kinopoisk.ru/series/5030715/",
        "title": "Капельник (сериал, 2022)",
        "vote": "8",
        "date": "13.10.2022, 23:49",
        "nameEng": " "
    },
    {
        "url": "https://www.kinopoisk.ru/series/4670531/",
        "title": "Химера (сериал, 2022)",
        "vote": "7",
        "date": "08.10.2022, 13:29",
        "nameEng": " "
    },
    {
        "url": "https://www.kinopoisk.ru/series/1108689/",
        "title": "Идентификация (сериал, 2022)",
        "vote": "8",
        "date": "20.07.2022, 23:05",
        "nameEng": " "
    },
    {
        "url": "https://www.kinopoisk.ru/series/1197956/",
        "title": "Почему женщины убивают (сериал, 2019 – 2021)",
        "vote": "8",
        "date": "16.07.2022, 13:17",
        "nameEng": "Why Women Kill"
    },
    {
        "url": "https://www.kinopoisk.ru/series/1254133/",
        "title": "Мейр из Исттауна (мини-сериал, 2021)",
        "vote": "8",
        "date": "24.06.2022, 00:26",
        "nameEng": "Mare of Easttown"
    },
    {
        "url": "https://www.kinopoisk.ru/series/1100777/",
        "title": "Триггер (сериал, 2018 – ...)",
        "vote": "7",
        "date": "08.06.2022, 10:09",
        "nameEng": " "
    },
    {
        "url": "https://www.kinopoisk.ru/series/958500/",
        "title": "Охотник за разумом (сериал, 2017 – 2019)",
        "vote": "8",
        "date": "03.04.2022, 22:11",
        "nameEng": "Mindhunter"
    },
    {
        "url": "https://www.kinopoisk.ru/series/1434190/",
        "title": "Каштановый человечек (мини-сериал, 2021)",
        "vote": "7",
        "date": "23.02.2022, 00:11",
        "nameEng": "The Chestnut Man"
    },
    {
        "url": "https://www.kinopoisk.ru/series/1347744/",
        "title": "Секс/жизнь (сериал, 2021 – 2023)",
        "vote": "6",
        "date": "29.01.2022, 21:43",
        "nameEng": "Sex/Life"
    },
    {
        "url": "https://www.kinopoisk.ru/series/1437860/",
        "title": "Чикатило (сериал, 2020 – 2021)",
        "vote": "6",
        "date": "22.05.2021, 14:04",
        "nameEng": " "
    },
    {
        "url": "https://www.kinopoisk.ru/series/1253633/",
        "title": "Ход королевы (мини-сериал, 2020)",
        "vote": "8",
        "date": "06.05.2021, 14:11",
        "nameEng": "The Queen's Gambit"
    },
    {
        "url": "https://www.kinopoisk.ru/series/1363091/",
        "title": "Я не шучу (сериал, 2021)",
        "vote": "7",
        "date": "05.05.2021, 22:50",
        "nameEng": " "
    },
    {
        "url": "https://www.kinopoisk.ru/series/77044/",
        "title": "Друзья (сериал, 1994 – 2004)",
        "vote": "8",
        "date": "04.05.2021, 18:17",
        "nameEng": "Friends"
    },
    {
        "url": "https://www.kinopoisk.ru/series/1224067/",
        "title": "Вампиры средней полосы (сериал, 2021 – ...)",
        "vote": "8",
        "date": "04.05.2021, 00:21",
        "nameEng": " "
    },
    {
        "url": "https://www.kinopoisk.ru/series/1227803/",
        "title": "Чернобыль (мини-сериал, 2019)",
        "vote": "10",
        "date": "03.03.2021, 21:50",
        "nameEng": "Chernobyl"
    },
    {
        "url": "https://www.kinopoisk.ru/series/1178445/",
        "title": "Эйфория (сериал, 2019 – ...)",
        "vote": "8",
        "date": "20.02.2021, 19:51",
        "nameEng": "Euphoria"
    },
    {
        "url": "https://www.kinopoisk.ru/series/818185/",
        "title": "Конь БоДжек (сериал, 2014 – 2020)",
        "vote": "7",
        "date": "07.02.2021, 16:00",
        "nameEng": "BoJack Horseman"
    },
    {
        "url": "https://www.kinopoisk.ru/series/1246988/",
        "title": "Не пытайтесь это повторить (сериал, 2019 – ...)",
        "vote": "8",
        "date": "01.02.2021, 01:23",
        "nameEng": "How To Sell Drugs Online (Fast)"
    },
    {
        "url": "https://www.kinopoisk.ru/series/460586/",
        "title": "Пацаны (сериал, 2019 – ...)",
        "vote": "8",
        "date": "03.01.2020, 03:06",
        "nameEng": "The Boys"
    },
    {
        "url": "https://www.kinopoisk.ru/series/1044004/",
        "title": "Ведьмак (сериал, 2019 – ...)",
        "vote": "7",
        "date": "29.12.2019, 16:50",
        "nameEng": "The Witcher"
    },
    {
        "url": "https://www.kinopoisk.ru/series/991739/",
        "title": "Дрянь (сериал, 2016 – 2019)",
        "vote": "7",
        "date": "22.12.2019, 00:20",
        "nameEng": "Fleabag"
    },
    {
        "url": "https://www.kinopoisk.ru/series/712804/",
        "title": "Хэппи (сериал, 2017 – 2019)",
        "vote": "7",
        "date": "24.11.2019, 19:43",
        "nameEng": "Happy!"
    },
    {
        "url": "https://www.kinopoisk.ru/series/1147693/",
        "title": "Сексуальное просвещение (сериал, 2019 – 2023)",
        "vote": "8",
        "date": "30.06.2019, 20:44",
        "nameEng": "Sex Education"
    },
    {
        "url": "https://www.kinopoisk.ru/series/1044487/",
        "title": "Домашний арест (сериал, 2018)",
        "vote": "8",
        "date": "26.10.2018, 00:19",
        "nameEng": " "
    },
    {
        "url": "https://www.kinopoisk.ru/series/915992/",
        "title": "Пьяная фирма (мини-сериал, 2016)",
        "vote": "8",
        "date": "23.09.2018, 00:07",
        "nameEng": " "
    },
    {
        "url": "https://www.kinopoisk.ru/series/1071384/",
        "title": "Конец ***го мира (сериал, 2017 – 2019)",
        "vote": "7",
        "date": "16.07.2018, 12:11",
        "nameEng": "The End of the F***ing World"
    },
    {
        "url": "https://www.kinopoisk.ru/series/733419/",
        "title": "Однажды ночью (мини-сериал, 2016)",
        "vote": "8",
        "date": "06.11.2017, 22:05",
        "nameEng": "The Night Of"
    },
    {
        "url": "https://www.kinopoisk.ru/series/493098/",
        "title": "Школа (сериал, 2010)",
        "vote": "8",
        "date": "12.07.2017, 15:01",
        "nameEng": " "
    },
    {
        "url": "https://www.kinopoisk.ru/series/842986/",
        "title": "Мистер Пиклз (сериал, 2013)",
        "vote": "7",
        "date": "22.05.2017, 00:05",
        "nameEng": "Mr. Pickles"
    },
    {
        "url": "https://www.kinopoisk.ru/series/582358/",
        "title": "13 причин почему (сериал, 2017 – 2020)",
        "vote": "6",
        "date": "05.05.2017, 14:16",
        "nameEng": "13 Reasons Why"
    },
    {
        "url": "https://www.kinopoisk.ru/series/502838/",
        "title": "Шерлок (сериал, 2010 – 2017)",
        "vote": "8",
        "date": "22.01.2017, 22:49",
        "nameEng": "Sherlock"
    },
    {
        "url": "https://www.kinopoisk.ru/series/839711/",
        "title": "Сладкая жизнь (сериал, 2014 – 2016)",
        "vote": "5",
        "date": "06.01.2017, 19:47",
        "nameEng": " "
    },
    {
        "url": "https://www.kinopoisk.ru/series/798660/",
        "title": "Винил (сериал, 2016)",
        "vote": "7",
        "date": "08.12.2016, 00:13",
        "nameEng": "Vinyl"
    },
    {
        "url": "https://www.kinopoisk.ru/series/574907/",
        "title": "Краткий курс счастливой жизни (сериал, 2011)",
        "vote": "7",
        "date": "18.10.2016, 13:06",
        "nameEng": " "
    },
    {
        "url": "https://www.kinopoisk.ru/series/839356/",
        "title": "Измены (сериал, 2015)",
        "vote": "8",
        "date": "18.10.2016, 13:05",
        "nameEng": " "
    },
    {
        "url": "https://www.kinopoisk.ru/series/655800/",
        "title": "Черное зеркало (сериал, 2011 – ...)",
        "vote": "6",
        "date": "20.08.2016, 19:41",
        "nameEng": "Black Mirror"
    },
    {
        "url": "https://www.kinopoisk.ru/series/685246/",
        "title": "Рик и Морти (сериал, 2013 – ...)",
        "vote": "8",
        "date": "19.08.2016, 14:14",
        "nameEng": "Rick and Morty"
    },
    {
        "url": "https://www.kinopoisk.ru/series/723959/",
        "title": "Силиконовая долина (сериал, 2014 – 2019)",
        "vote": "7",
        "date": "02.08.2016, 18:38",
        "nameEng": "Silicon Valley"
    },
    {
        "url": "https://www.kinopoisk.ru/series/731962/",
        "title": "Утопия (сериал, 2013 – 2014)",
        "vote": "9",
        "date": "10.07.2016, 15:34",
        "nameEng": "Utopia"
    },
    {
        "url": "https://www.kinopoisk.ru/series/767379/",
        "title": "Фарго (сериал, 2014 – ...)",
        "vote": "9",
        "date": "10.07.2016, 15:33",
        "nameEng": "Fargo"
    },
    {
        "url": "https://www.kinopoisk.ru/series/403978/",
        "title": "38 обезьян (сериал, 2003 – 2005)",
        "vote": "8",
        "date": "03.04.2016, 03:16",
        "nameEng": "Monkey Dust"
    },
    {
        "url": "https://www.kinopoisk.ru/series/821565/",
        "title": "Нарко (сериал, 2015 – 2017)",
        "vote": "9",
        "date": "05.11.2015, 15:44",
        "nameEng": "Narcos"
    },
    {
        "url": "https://www.kinopoisk.ru/series/681831/",
        "title": "Настоящий детектив (сериал, 2014 – ...)",
        "vote": "8",
        "date": "01.11.2015, 17:10",
        "nameEng": "True Detective"
    },
    {
        "url": "https://www.kinopoisk.ru/series/859908/",
        "title": "Мистер Робот (сериал, 2015 – 2019)",
        "vote": "6",
        "date": "26.10.2015, 18:51",
        "nameEng": "Mr. Robot"
    },
    {
        "url": "https://www.kinopoisk.ru/series/258070/",
        "title": "Тюрьма «ОZ» (сериал, 1997 – 2003)",
        "vote": "9",
        "date": "18.07.2014, 03:04",
        "nameEng": "Oz"
    },
    {
        "url": "https://www.kinopoisk.ru/series/508161/",
        "title": "Ходячие мертвецы (сериал, 2010 – 2022)",
        "vote": "6",
        "date": "27.05.2014, 00:04",
        "nameEng": "The Walking Dead"
    },
    {
        "url": "https://www.kinopoisk.ru/series/402955/",
        "title": "Прослушка (сериал, 2002 – 2008)",
        "vote": "9",
        "date": "27.05.2014, 00:01",
        "nameEng": "The Wire"
    },
    {
        "url": "https://www.kinopoisk.ru/series/394375/",
        "title": "Блудливая Калифорния (сериал, 2007 – 2014)",
        "vote": "7",
        "date": "26.05.2014, 23:59",
        "nameEng": "Californication"
    },
    {
        "url": "https://www.kinopoisk.ru/series/271762/",
        "title": "Дурман (сериал, 2005 – 2012)",
        "vote": "7",
        "date": "26.05.2014, 23:59",
        "nameEng": "Weeds"
    },
    {
        "url": "https://www.kinopoisk.ru/series/404900/",
        "title": "Во все тяжкие (сериал, 2008 – 2013)",
        "vote": "8",
        "date": "26.05.2014, 23:58",
        "nameEng": "Breaking Bad"
    },
    {
        "url": "https://www.kinopoisk.ru/series/277537/",
        "title": "Декстер (сериал, 2006 – 2013)",
        "vote": "7",
        "date": "26.05.2014, 23:57",
        "nameEng": "Dexter"
    },
    {
        "url": "https://www.kinopoisk.ru/series/79848/",
        "title": "Сопрано (сериал, 1999 – 2007)",
        "vote": "9",
        "date": "26.05.2014, 23:57",
        "nameEng": "The Sopranos"
    }
]