[
  {
    "Коммент": "Скучно",
    "Были?": true,
    "Created time": "2024-03-20T06:50:00.000Z",
    "URL": null,
    "Tags": [
      "Сетевуха🕸"
    ],
    "Метро / Доставка": [
      "Белор"
    ],
    "Цены": "Выше среднего (2к+)",
    "Оценка": 5,
    "Name": "Хинкальная"
  },
  {
    "Коммент": "Как и Хищник - место, куда можно сходить, когда нет альтернатив; много пива, еда также неплоха",
    "Были?": false,
    "Created time": "2024-03-20T06:43:00.000Z",
    "URL": null,
    "Tags": [
      "Пивнуха 🍺",
      "Мясо🍖",
      "Морские гады🐟",
      "Сетевуха🕸"
    ],
    "Метро / Доставка": [
      "Белор",
      "Свибуха"
    ],
    "Цены": "Выше среднего (2к+)",
    "Оценка": 7,
    "Name": "Ян Примус"
  },
  {
    "Коммент": "Лучшее кимчи, лучший манго-шейк, хорошие супчики",
    "Были?": true,
    "Created time": "2024-03-20T06:43:00.000Z",
    "URL": null,
    "Tags": [
      "Вьетнамка🥋"
    ],
    "Метро / Доставка": [
      "Савела"
    ],
    "Цены": "Низкие (<2к)",
    "Оценка": 8,
    "Name": "Ма Ми"
  },
  {
    "Коммент": "Идеальное место, когда больше некуда пойти; всегда есть места, сносные бургеры и пиво",
    "Были?": true,
    "Created time": "2024-03-20T06:43:00.000Z",
    "URL": null,
    "Tags": [
      "Пивнуха 🍺",
      "Бургеры🍔"
    ],
    "Метро / Доставка": [
      "Площадь революции"
    ],
    "Цены": "Средние (~2к)",
    "Оценка": 7.5,
    "Name": "Хищник"
  },
  {
    "Коммент": null,
    "Были?": true,
    "Created time": "2024-03-05T06:16:00.000Z",
    "URL": null,
    "Tags": [
      "Дичь"
    ],
    "Метро / Доставка": [
      "КГ"
    ],
    "Цены": "Низкие (<2к)",
    "Оценка": 4,
    "Name": "Борщ в пирожке "
  },
  {
    "Коммент": "Едали и лучше",
    "Были?": true,
    "Created time": "2024-02-19T19:19:00.000Z",
    "URL": null,
    "Tags": [
      "Лапша и рис🍜"
    ],
    "Метро / Доставка": [
      "КГ"
    ],
    "Цены": "Низкие (<2к)",
    "Оценка": 6.5,
    "Name": "Лан Ма"
  },
  {
    "Коммент": "Топ креветки, баклажаны, грудка, ребра с огурчиками ",
    "Были?": true,
    "Created time": "2024-02-08T17:26:00.000Z",
    "URL": null,
    "Tags": [
      "Гастро-бар 🍷"
    ],
    "Метро / Доставка": [
      "Цветной"
    ],
    "Цены": "Выше среднего (2к+)",
    "Оценка": 8.5,
    "Name": "Петров и Васечка "
  },
  {
    "Коммент": "Отличные бургеры, отличное пиво, вкусные закусочки, салатики\nУдобно что можно изучить меню (в тч краны) онлайн\nЦенник - более менее\nСупер заведение\nЕдинственный момент - нужно бронировать заранее",
    "Были?": true,
    "Created time": "2024-02-04T12:32:00.000Z",
    "URL": null,
    "Tags": [
      "Бургеры🍔",
      "Пивнуха 🍺"
    ],
    "Метро / Доставка": [
      "Новокузнецкая"
    ],
    "Цены": "Выше среднего (2к+)",
    "Оценка": 9,
    "Name": "Saldens"
  },
  {
    "Коммент": "Скучно ",
    "Были?": true,
    "Created time": "2024-01-28T12:33:00.000Z",
    "URL": null,
    "Tags": [
      "Бургеры🍔",
      "Шаурма🥙"
    ],
    "Метро / Доставка": [
      "Новокузнецкая"
    ],
    "Цены": "Средние (~2к)",
    "Оценка": 5,
    "Name": "Хлеб и мясо "
  },
  {
    "Коммент": "Ой, ну тут все что нужно русскому человеку: селёдочка с картошечкой и лучком, сальце, бутрики с шпротами/икоркой, шашлычок, пивко, настоечки. Все отлично",
    "Были?": true,
    "Created time": "2024-01-28T12:30:00.000Z",
    "URL": null,
    "Tags": [
      "Шашлык🍖",
      "Русская"
    ],
    "Метро / Доставка": [
      "Новокузнецкая"
    ],
    "Цены": "Средние (~2к)",
    "Оценка": 9,
    "Name": "Горбуфет Шашлычная"
  },
  {
    "Коммент": "Бургеры домашние (окейные, но без вау вкуса), пиво крафтовое (тут как повезет)А вот сырные шарики вкуснейшие",
    "Были?": true,
    "Created time": "2024-01-14T07:16:00.000Z",
    "URL": null,
    "Tags": [
      "Пивнуха 🍺"
    ],
    "Метро / Доставка": [
      "Добрынинская"
    ],
    "Цены": "Средние (~2к)",
    "Оценка": 7,
    "Name": "4 brewers pub"
  },
  {
    "Коммент": "Вкусные лапшички с вкусными бульонами ",
    "Были?": true,
    "Created time": "2024-01-01T12:48:00.000Z",
    "URL": null,
    "Tags": [
      "Лапша и рис🍜"
    ],
    "Метро / Доставка": [
      "Лубянка"
    ],
    "Цены": "Низкие (<2к)",
    "Оценка": 8,
    "Name": "Бянь Бянь "
  },
  {
    "Коммент": null,
    "Были?": true,
    "Created time": "2023-12-17T18:45:00.000Z",
    "URL": null,
    "Tags": [
      "Шаурма🥙"
    ],
    "Метро / Доставка": [
      "Пушка"
    ],
    "Цены": "Низкие (<2к)",
    "Оценка": 7.5,
    "Name": "Laffa Laffa"
  },
  {
    "Коммент": "Пресная начинка, котлета просто острая, без особого вкуса",
    "Были?": true,
    "Created time": "2023-12-14T08:08:00.000Z",
    "URL": "https://yandex.ru/maps/org/mitpoint/1158500483/?ll=37.605397%2C55.759042&z=14",
    "Tags": [
      "Шаурма🥙"
    ],
    "Метро / Доставка": [
      "Пушка"
    ],
    "Цены": "Низкие (<2к)",
    "Оценка": 5,
    "Name": "МитПоинт"
  },
  {
    "Коммент": null,
    "Были?": false,
    "Created time": "2023-12-14T08:07:00.000Z",
    "URL": "https://elliuneslo.clients.site/",
    "Tags": [
      "Пивнуха 🍺"
    ],
    "Метро / Доставка": [
      "Сходненская"
    ],
    "Оценка": null,
    "Name": "ЭллиУнесло"
  },
  {
    "Коммент": null,
    "Были?": true,
    "Created time": "2023-12-03T11:28:00.000Z",
    "Город (не МСК)": "Немчиновка D1",
    "URL": null,
    "Tags": [
      "Чайхана🍖"
    ],
    "Метро / Доставка": [],
    "Цены": "Низкие (<2к)",
    "Оценка": 9,
    "Name": "Лагманная 24"
  },
  {
    "Коммент": null,
    "Были?": true,
    "Created time": "2023-11-19T12:52:00.000Z",
    "Город (не МСК)": "Тула",
    "URL": null,
    "Tags": [
      "Русская",
      "Пивнуха 🍺"
    ],
    "Метро / Доставка": [],
    "Цены": "Средние (~2к)",
    "Оценка": 8.5,
    "Name": "Петр Петрович "
  },
  {
    "Коммент": "Шатаются столы и стулья, грибы застревают в зубах, пульгоги сладкие очень, цены выше чем в чико, а вкус хуже ",
    "Были?": true,
    "Created time": "2023-11-18T15:24:00.000Z",
    "URL": null,
    "Tags": [
      "Корейка👘"
    ],
    "Метро / Доставка": [
      "Мендель"
    ],
    "Цены": "Выше среднего (2к+)",
    "Оценка": 6,
    "Name": "Tokpokki Kpop Bar"
  },
  {
    "Коммент": "Просто норм, хотя курочка-закуска - шик ",
    "Были?": true,
    "Created time": "2023-11-15T09:01:00.000Z",
    "URL": null,
    "Tags": [
      "Сетевуха🕸",
      "Рамен🍜"
    ],
    "Метро / Доставка": [
      "Мендель",
      "КГ"
    ],
    "Цены": "Средние (~2к)",
    "Оценка": 7,
    "Name": "JPan"
  },
  {
    "Коммент": "Вкуснейший рис, хороший том ям",
    "Были?": true,
    "Created time": "2023-11-12T15:54:00.000Z",
    "URL": null,
    "Tags": [
      "Вьетнамка🥋"
    ],
    "Метро / Доставка": [
      "Белор",
      "Алексеевская"
    ],
    "Цены": "Низкие (<2к)",
    "Оценка": 9,
    "Name": "Ком 1989"
  },
  {
    "Коммент": null,
    "Были?": true,
    "Created time": "2023-11-03T10:44:00.000Z",
    "URL": null,
    "Tags": [
      "Обед / Столовка ",
      "Сетевуха🕸"
    ],
    "Метро / Доставка": [
      "Доставка"
    ],
    "Цены": "Средние (~2к)",
    "Оценка": 7,
    "Name": "Шоколадница"
  },
  {
    "Коммент": null,
    "Были?": true,
    "Created time": "2023-11-03T10:43:00.000Z",
    "URL": null,
    "Tags": [
      "Сетевуха🕸",
      "Обед / Столовка "
    ],
    "Метро / Доставка": [
      "Доставка"
    ],
    "Цены": "Средние (~2к)",
    "Оценка": 7,
    "Name": "Кухня на районе"
  },
  {
    "Коммент": null,
    "Были?": true,
    "Created time": "2023-11-03T10:42:00.000Z",
    "URL": null,
    "Tags": [
      "Обед / Столовка ",
      "Сетевуха🕸"
    ],
    "Метро / Доставка": [
      "Мендель",
      "Доставка"
    ],
    "Цены": "Низкие (<2к)",
    "Оценка": 7,
    "Name": "Му-му "
  },
  {
    "Коммент": null,
    "Были?": true,
    "Created time": "2023-11-03T10:41:00.000Z",
    "URL": null,
    "Tags": [
      "Обед / Столовка ",
      "Сетевуха🕸"
    ],
    "Метро / Доставка": [
      "Маяк",
      "Мендель",
      "Доставка"
    ],
    "Цены": "Средние (~2к)",
    "Оценка": 8,
    "Name": "Братья Караваевы"
  },
  {
    "Коммент": "Жирные корки роклета - это ужасно",
    "Были?": true,
    "Created time": "2023-10-31T18:19:00.000Z",
    "URL": null,
    "Tags": [
      "Стритфуд",
      "Депо"
    ],
    "Метро / Доставка": [],
    "Цены": "Средние (~2к)",
    "Оценка": 5,
    "Name": "Cheesemania"
  },
  {
    "Коммент": "Вкуснейшие мидии, единственный нормальный корт",
    "Были?": true,
    "Created time": "2023-10-31T18:18:00.000Z",
    "URL": null,
    "Tags": [
      "Депо",
      "Морские гады🐟"
    ],
    "Метро / Доставка": [
      "Белор"
    ],
    "Цены": "Средние (~2к)",
    "Оценка": 8,
    "Name": "Mollusca"
  },
  {
    "Коммент": "Быстро, недорого, сытно, 4 блюда + напитки за 2.2к; только часто бывает все занято",
    "Были?": true,
    "Created time": "2023-10-31T18:15:00.000Z",
    "URL": "https://vk.com/chicko_russia",
    "Tags": [
      "Сетевуха🕸",
      "Корейка👘"
    ],
    "Метро / Доставка": [
      "Павелецкая",
      "Лубянка"
    ],
    "Цены": "Низкие (<2к)",
    "Оценка": 7.5,
    "Name": "CHICKO"
  },
  {
    "Коммент": "ОЧЕНЬ дешево",
    "Были?": true,
    "Created time": "2023-10-16T11:08:00.000Z",
    "URL": null,
    "Tags": [
      "Хинкали😋",
      "Грузинка",
      "Сетевуха🕸"
    ],
    "Метро / Доставка": [
      "Таганка"
    ],
    "Цены": "Низкие (<2к)",
    "Оценка": 8,
    "Name": "Старик Хинкалыч"
  },
  {
    "Коммент": "Нормальные цены, мощные бургеры, вкусное мясо, хорошее пивко, подача тоже недолгая ",
    "Были?": true,
    "Created time": "2023-10-06T18:02:00.000Z",
    "URL": null,
    "Tags": [
      "Бургеры🍔"
    ],
    "Метро / Доставка": [
      "Савела"
    ],
    "Цены": "Средние (~2к)",
    "Оценка": 8.5,
    "Name": "Краснодарский парень"
  },
  {
    "Коммент": "Хачапури топ ",
    "Были?": true,
    "Created time": "2023-09-30T15:41:00.000Z",
    "URL": null,
    "Tags": [
      "Хинкали😋",
      "Грузинка"
    ],
    "Метро / Доставка": [
      "Проспект Мира"
    ],
    "Цены": "Низкие (<2к)",
    "Оценка": 8,
    "Name": "Хинкальная на Щепкина "
  },
  {
    "Коммент": "Скучно, чуть лучше столовки",
    "Были?": true,
    "Created time": "2023-09-29T16:36:00.000Z",
    "URL": null,
    "Tags": [
      "Фикс-прайс"
    ],
    "Метро / Доставка": [
      "Белор"
    ],
    "Цены": "Средние (~2к)",
    "Оценка": 5,
    "Name": "Гермес "
  },
  {
    "Коммент": "Вкусная Сербская кухня со всякими мясными штуками, типа Плескавицы",
    "Были?": true,
    "Created time": "2023-09-27T12:14:00.000Z",
    "URL": null,
    "Tags": [
      "Сетевуха🕸",
      "Сербия",
      "Мясо🍖"
    ],
    "Метро / Доставка": [
      "Маяк",
      "Фили"
    ],
    "Цены": "Средние (~2к)",
    "Оценка": 7,
    "Name": "Субботица"
  },
  {
    "Коммент": "Норм пивнуха для врыва с пацами, но не для гастро удовольствия ",
    "Были?": true,
    "Created time": "2023-09-27T12:13:00.000Z",
    "URL": null,
    "Tags": [
      "Пивнуха 🍺",
      "Сетевуха🕸"
    ],
    "Метро / Доставка": [],
    "Цены": "Средние (~2к)",
    "Оценка": 6,
    "Name": "Колбасофф"
  },
  {
    "Коммент": "Рамен и не впечатляет, а вот чизкейк это да, чисто облачко ешь",
    "Были?": true,
    "Created time": "2023-09-24T14:44:00.000Z",
    "URL": null,
    "Tags": [
      "Рамен🍜",
      "Десерты🍮"
    ],
    "Метро / Доставка": [
      "Лубянка"
    ],
    "Цены": "Выше среднего (2к+)",
    "Оценка": 7,
    "Name": "Chõ"
  },
  {
    "Коммент": null,
    "Были?": true,
    "Created time": "2023-09-24T10:31:00.000Z",
    "URL": null,
    "Tags": [
      "Шаурма🥙",
      "Шашлык🍖"
    ],
    "Метро / Доставка": [
      "Проспект Мира"
    ],
    "Цены": "Низкие (<2к)",
    "Оценка": 8,
    "Name": "Мангал Холл"
  },
  {
    "Коммент": null,
    "Были?": true,
    "Created time": "2023-09-16T16:38:00.000Z",
    "URL": null,
    "Tags": [
      "Морские гады🐟",
      "Мясо🍖"
    ],
    "Метро / Доставка": [
      "Пушка"
    ],
    "Цены": "Выше среднего (2к+)",
    "Оценка": 5,
    "Name": "Мясо & Рыба "
  },
  {
    "Коммент": "Вкусновато, но маловато (в ТЧ ассортимента)",
    "Были?": true,
    "Created time": "2023-09-16T16:36:00.000Z",
    "URL": "https://yandex.ru/maps/org/mini_turkish_spot/123405016756",
    "Tags": [
      "Шаурма🥙"
    ],
    "Метро / Доставка": [
      "Пушка"
    ],
    "Цены": "Низкие (<2к)",
    "Оценка": 7.5,
    "Name": "Mini Turkish Spot"
  },
  {
    "Коммент": null,
    "Были?": true,
    "Created time": "2023-09-15T20:57:00.000Z",
    "URL": null,
    "Tags": [
      "Фикс-прайс",
      "Европа 💶"
    ],
    "Метро / Доставка": [
      "Арбат"
    ],
    "Цены": "Средние (~2к)",
    "Оценка": 6,
    "Name": "Арбатский Базар"
  },
  {
    "Коммент": null,
    "Были?": true,
    "Created time": "2023-09-15T20:51:00.000Z",
    "URL": "https://yandex.ru/maps/-/CDUmYWkO",
    "Tags": [
      "Турецкая"
    ],
    "Метро / Доставка": [
      "КГ"
    ],
    "Цены": "Средние (~2к)",
    "Оценка": 8,
    "Name": "Бардак"
  },
  {
    "Коммент": null,
    "Были?": true,
    "Created time": "2023-09-15T20:49:00.000Z",
    "URL": null,
    "Tags": [
      "Пивнуха 🍺"
    ],
    "Метро / Доставка": [
      "Белор"
    ],
    "Цены": "Средние (~2к)",
    "Оценка": 8,
    "Name": "Sharehouse"
  },
  {
    "Коммент": null,
    "Были?": true,
    "Created time": "2023-09-15T20:47:00.000Z",
    "URL": null,
    "Tags": [
      "Чебуреки",
      "Супы"
    ],
    "Метро / Доставка": [
      "Белор"
    ],
    "Цены": "Низкие (<2к)",
    "Оценка": 7,
    "Name": "Чебуречная"
  },
  {
    "Коммент": null,
    "Были?": true,
    "Created time": "2023-09-15T20:46:00.000Z",
    "URL": null,
    "Tags": [
      "Лапша и рис🍜",
      "Сетевуха🕸"
    ],
    "Метро / Доставка": [
      "Белор"
    ],
    "Цены": "Выше среднего (2к+)",
    "Оценка": 6,
    "Name": "Ku"
  },
  {
    "Коммент": null,
    "Были?": true,
    "Created time": "2023-09-15T20:46:00.000Z",
    "URL": null,
    "Tags": [
      "Мясо🍖"
    ],
    "Метро / Доставка": [
      "Белор"
    ],
    "Цены": "Выше среднего (2к+)",
    "Оценка": 6,
    "Name": "Агнец"
  },
  {
    "Коммент": null,
    "Были?": true,
    "Created time": "2023-09-15T20:45:00.000Z",
    "URL": null,
    "Tags": [
      "Израильская🧆"
    ],
    "Метро / Доставка": [
      "Белор"
    ],
    "Цены": "Средние (~2к)",
    "Оценка": 8,
    "Name": "Адам"
  },
  {
    "Коммент": null,
    "Были?": true,
    "Created time": "2023-09-15T20:45:00.000Z",
    "URL": null,
    "Tags": [
      "Супы"
    ],
    "Метро / Доставка": [
      "Белор"
    ],
    "Цены": "Низкие (<2к)",
    "Оценка": 8.5,
    "Name": "Суп Кафе"
  },
  {
    "Коммент": null,
    "Были?": true,
    "Created time": "2023-09-15T20:44:00.000Z",
    "URL": null,
    "Tags": [
      "Грузинка",
      "Сетевуха🕸"
    ],
    "Метро / Доставка": [
      "Белор"
    ],
    "Цены": "Выше среднего (2к+)",
    "Оценка": 5,
    "Name": "Saperavi"
  },
  {
    "Коммент": null,
    "Были?": true,
    "Created time": "2023-09-15T20:42:00.000Z",
    "URL": null,
    "Tags": [
      "Пивнуха 🍺",
      "Для компании🍻"
    ],
    "Метро / Доставка": [
      "Лубянка"
    ],
    "Цены": "Средние (~2к)",
    "Оценка": 6,
    "Name": "Lion's Head"
  },
  {
    "Коммент": null,
    "Были?": true,
    "Created time": "2023-09-15T20:41:00.000Z",
    "URL": null,
    "Tags": [
      "Пельмени",
      "Сетевуха🕸"
    ],
    "Метро / Доставка": [
      "Проспект Мира"
    ],
    "Цены": "Средние (~2к)",
    "Оценка": 8,
    "Name": "Лепим и Варим"
  },
  {
    "Коммент": null,
    "Были?": true,
    "Created time": "2023-09-15T20:38:00.000Z",
    "URL": null,
    "Tags": [
      "Бургеры🍔",
      "Сетевуха🕸"
    ],
    "Метро / Доставка": [
      "КГ"
    ],
    "Цены": "Средние (~2к)",
    "Оценка": 8,
    "Name": "KetchUp"
  },
  {
    "Коммент": null,
    "Были?": true,
    "Created time": "2023-09-15T20:37:00.000Z",
    "URL": null,
    "Tags": [
      "Вьетнамка🥋",
      "Лапша и рис🍜"
    ],
    "Метро / Доставка": [
      "Пушка"
    ],
    "Цены": "Средние (~2к)",
    "Оценка": 8,
    "Name": "Pho Fighters"
  },
  {
    "Коммент": null,
    "Были?": true,
    "Created time": "2023-09-15T20:36:00.000Z",
    "URL": "https://yandex.ru/maps/-/CDUmYBjv",
    "Tags": [
      "Грузинка"
    ],
    "Метро / Доставка": [
      "Таганка"
    ],
    "Цены": "Выше среднего (2к+)",
    "Оценка": 6,
    "Name": "Дарбази"
  },
  {
    "Коммент": null,
    "Были?": true,
    "Created time": "2023-09-15T20:23:00.000Z",
    "URL": null,
    "Tags": [
      "Пивнуха 🍺",
      "Сетевуха🕸"
    ],
    "Метро / Доставка": [
      "КГ"
    ],
    "Цены": "Средние (~2к)",
    "Оценка": 7,
    "Name": "Экспромт"
  },
  {
    "Коммент": null,
    "Были?": true,
    "Created time": "2023-09-15T20:22:00.000Z",
    "URL": null,
    "Tags": [
      "Пивнуха 🍺",
      "Сетевуха🕸"
    ],
    "Метро / Доставка": [
      "Парк Победы"
    ],
    "Цены": "Выше среднего (2к+)",
    "Оценка": 7,
    "Name": "Brasserie Lambic"
  },
  {
    "Коммент": null,
    "Были?": true,
    "Created time": "2023-09-15T20:21:00.000Z",
    "URL": "https://yandex.ru/maps/-/CDUmULJ9",
    "Tags": [
      "Лапша и рис🍜",
      "Китайка🀄"
    ],
    "Метро / Доставка": [
      "Парк Победы"
    ],
    "Цены": "Средние (~2к)",
    "Оценка": 8,
    "Name": "Фу Сян"
  },
  {
    "Коммент": "Все по 300",
    "Были?": true,
    "Created time": "2023-09-15T20:20:00.000Z",
    "URL": null,
    "Tags": [
      "Европа 💶",
      "Сетевуха🕸",
      "Фикс-прайс"
    ],
    "Метро / Доставка": [
      "Белор"
    ],
    "Цены": "Низкие (<2к)",
    "Оценка": 8,
    "Name": "The Бык"
  },
  {
    "Коммент": "Ок бургеры",
    "Были?": true,
    "Created time": "2023-09-15T20:18:00.000Z",
    "URL": null,
    "Tags": [
      "Бургеры🍔",
      "Сетевуха🕸"
    ],
    "Метро / Доставка": [
      "Белор"
    ],
    "Цены": "Средние (~2к)",
    "Оценка": 6.5,
    "Name": "#Fарш"
  },
  {
    "Коммент": null,
    "Были?": true,
    "Created time": "2023-09-15T20:17:00.000Z",
    "URL": null,
    "Tags": [
      "Корейка👘",
      "Для компании🍻"
    ],
    "Метро / Доставка": [
      "1905"
    ],
    "Цены": "Выше среднего (2к+)",
    "Оценка": 8,
    "Name": "Hite"
  },
  {
    "Коммент": null,
    "Были?": true,
    "Created time": "2023-09-15T20:16:00.000Z",
    "URL": null,
    "Tags": [
      "Корейка👘"
    ],
    "Метро / Доставка": [
      "Парк Культуры"
    ],
    "Цены": "Средние (~2к)",
    "Оценка": 7,
    "Name": "Белый журавль"
  },
  {
    "Коммент": "Уютное и тихое китайское кафеПорции солидные, вкусные, цены приятныеУдивительно, но в субботу вечером свободные места есть Также присутствуют столы с грилем и забавная посуда",
    "Были?": true,
    "Created time": "2023-09-15T20:14:00.000Z",
    "URL": null,
    "Tags": [
      "Китайка🀄",
      "Сетевуха🕸"
    ],
    "Метро / Доставка": [
      "Ломоносовский",
      "КГ"
    ],
    "Цены": "Средние (~2к)",
    "Оценка": 8,
    "Name": "cvc"
  },
  {
    "Коммент": null,
    "Были?": true,
    "Created time": "2023-09-15T20:13:00.000Z",
    "URL": null,
    "Tags": [
      "Стейки🥩"
    ],
    "Метро / Доставка": [
      "Ломоносовский"
    ],
    "Цены": "Выше среднего (2к+)",
    "Оценка": 9,
    "Name": "Бутчер"
  },
  {
    "Коммент": null,
    "Были?": true,
    "Created time": "2023-09-15T20:11:00.000Z",
    "URL": null,
    "Tags": [
      "Лапша и рис🍜",
      "Сетевуха🕸"
    ],
    "Метро / Доставка": [
      "Белор"
    ],
    "Цены": "Средние (~2к)",
    "Оценка": 7,
    "Name": "Чихо"
  },
  {
    "Коммент": null,
    "Были?": true,
    "Created time": "2023-09-15T20:10:00.000Z",
    "URL": null,
    "Tags": [
      "Мясо🍖",
      "Бургеры🍔"
    ],
    "Метро / Доставка": [
      "Кропоткинская"
    ],
    "Цены": "Выше среднего (2к+)",
    "Оценка": 8,
    "Name": "Воронеж"
  },
  {
    "Коммент": null,
    "Были?": true,
    "Created time": "2023-09-15T20:09:00.000Z",
    "URL": "https://yandex.ru/maps/-/CDUmUKNn",
    "Tags": [
      "Пивнуха 🍺",
      "Сетевуха🕸"
    ],
    "Метро / Доставка": [
      "Сити"
    ],
    "Цены": "Средние (~2к)",
    "Оценка": 7,
    "Name": "Zames"
  },
  {
    "Коммент": null,
    "Были?": true,
    "Created time": "2023-09-15T20:04:00.000Z",
    "URL": null,
    "Tags": [
      "Пицца🍕"
    ],
    "Метро / Доставка": [
      "Мендель"
    ],
    "Цены": "Средние (~2к)",
    "Оценка": 9,
    "Name": "Ла Мортацца"
  },
  {
    "Коммент": null,
    "Были?": true,
    "Created time": "2023-09-15T20:01:00.000Z",
    "URL": null,
    "Tags": [
      "Лапша и рис🍜",
      "Сетевуха🕸"
    ],
    "Метро / Доставка": [
      "Мендель",
      "КГ"
    ],
    "Цены": "Средние (~2к)",
    "Оценка": 8,
    "Name": "RamenTen"
  },
  {
    "Коммент": null,
    "Были?": true,
    "Created time": "2023-09-15T20:00:00.000Z",
    "URL": null,
    "Tags": [
      "Израильская🧆"
    ],
    "Метро / Доставка": [
      "Мендель"
    ],
    "Цены": "Средние (~2к)",
    "Оценка": 7,
    "Name": "Рынок и общепит"
  },
  {
    "Коммент": null,
    "Были?": true,
    "Created time": "2023-09-15T19:58:00.000Z",
    "URL": null,
    "Tags": [
      "Лапша и рис🍜",
      "Вьетнамка🥋",
      "Сетевуха🕸"
    ],
    "Метро / Доставка": [
      "Мендель"
    ],
    "Цены": "Средние (~2к)",
    "Оценка": 7,
    "Name": "Лао Ли"
  },
  {
    "Коммент": null,
    "Были?": true,
    "Created time": "2023-09-15T19:57:00.000Z",
    "URL": null,
    "Tags": [
      "Лапша и рис🍜"
    ],
    "Метро / Доставка": [
      "Белор"
    ],
    "Цены": "Средние (~2к)",
    "Оценка": 6,
    "Name": "Депо Индокитай"
  },
  {
    "Коммент": null,
    "Были?": true,
    "Created time": "2023-09-15T19:56:00.000Z",
    "URL": null,
    "Tags": [
      "Хинкали😋"
    ],
    "Метро / Доставка": [
      "Белор"
    ],
    "Цены": "Средние (~2к)",
    "Оценка": 9,
    "Name": "Хинкали Point"
  },
  {
    "Коммент": null,
    "Были?": true,
    "Created time": "2023-09-15T19:55:00.000Z",
    "URL": null,
    "Tags": [
      "Морские гады🐟"
    ],
    "Метро / Доставка": [
      "Белор"
    ],
    "Цены": "Выше среднего (2к+)",
    "Оценка": 6,
    "Name": "Крабы Кутабы"
  },
  {
    "Коммент": null,
    "Были?": true,
    "Created time": "2023-09-15T19:51:00.000Z",
    "URL": null,
    "Tags": [
      "Мясо🍖",
      "Сетевуха🕸"
    ],
    "Метро / Доставка": [
      "Белор",
      "Лубянка"
    ],
    "Цены": "Средние (~2к)",
    "Оценка": 8,
    "Name": "Frank"
  },
  {
    "Коммент": null,
    "Были?": true,
    "Created time": "2023-09-15T19:51:00.000Z",
    "URL": null,
    "Tags": [
      "Стейки🥩",
      "Сетевуха🕸"
    ],
    "Метро / Доставка": [
      "Белор",
      "Сити",
      "КГ"
    ],
    "Цены": "Выше среднего (2к+)",
    "Оценка": 8,
    "Name": "Steak It Easy"
  },
  {
    "Коммент": null,
    "Были?": true,
    "Created time": "2023-09-15T19:50:00.000Z",
    "URL": null,
    "Tags": [
      "Лапша и рис🍜",
      "Сетевуха🕸"
    ],
    "Метро / Доставка": [
      "Белор"
    ],
    "Цены": "Средние (~2к)",
    "Оценка": 6,
    "Name": "Мару"
  },
  {
    "Коммент": null,
    "Были?": true,
    "Created time": "2023-09-15T19:50:00.000Z",
    "URL": null,
    "Tags": [
      "Корейка👘",
      "Сетевуха🕸"
    ],
    "Метро / Доставка": [
      "Белор"
    ],
    "Цены": "Выше среднего (2к+)",
    "Оценка": 5,
    "Name": "Кимчи"
  },
  {
    "Коммент": "Топ креветки",
    "Были?": true,
    "Created time": "2023-09-15T19:48:00.000Z",
    "URL": null,
    "Tags": [
      "Морские гады🐟"
    ],
    "Метро / Доставка": [
      "Белор"
    ],
    "Цены": "Выше среднего (2к+)",
    "Оценка": 8,
    "Name": "Boston"
  },
  {
    "Коммент": null,
    "Были?": true,
    "Created time": "2023-09-15T19:47:00.000Z",
    "URL": null,
    "Tags": [
      "Стейки🥩",
      "Европа 💶",
      "Сетевуха🕸"
    ],
    "Метро / Доставка": [
      "Белор",
      "Доставка"
    ],
    "Цены": "Выше среднего (2к+)",
    "Оценка": 8,
    "Name": "Torro Grill"
  },
  {
    "Коммент": null,
    "Были?": true,
    "Created time": "2023-09-15T19:47:00.000Z",
    "URL": "https://yandex.ru/maps/-/CDUmQO2N",
    "Tags": [
      "Китайка🀄"
    ],
    "Метро / Доставка": [
      "Белор"
    ],
    "Цены": "Средние (~2к)",
    "Оценка": 8,
    "Name": "ЧанЧан"
  },
  {
    "Коммент": null,
    "Были?": true,
    "Created time": "2023-09-15T18:59:00.000Z",
    "URL": "https://yandex.ru/maps/-/CDUmIOIp",
    "Tags": [
      "Хинкали😋"
    ],
    "Метро / Доставка": [
      "Молодежная"
    ],
    "Цены": "Средние (~2к)",
    "Оценка": 8,
    "Name": "Ламазо"
  },
  {
    "Коммент": null,
    "Были?": true,
    "Created time": "2023-09-15T18:56:00.000Z",
    "URL": null,
    "Tags": [
      "Шашлык🍖"
    ],
    "Метро / Доставка": [
      "Славик"
    ],
    "Цены": "Средние (~2к)",
    "Оценка": 6,
    "Name": "Усадьба"
  },
  {
    "Коммент": null,
    "Были?": true,
    "Created time": "2023-09-15T18:55:00.000Z",
    "URL": null,
    "Tags": [
      "Шаурма🥙"
    ],
    "Метро / Доставка": [
      "Славик"
    ],
    "Цены": "Низкие (<2к)",
    "Оценка": 3,
    "Name": "Пирог Хауз"
  },
  {
    "Коммент": null,
    "Были?": true,
    "Created time": "2023-09-15T18:53:00.000Z",
    "URL": null,
    "Tags": [
      "Суши🍣"
    ],
    "Метро / Доставка": [
      "Славик"
    ],
    "Цены": "Низкие (<2к)",
    "Оценка": 3,
    "Name": "СушиСтор"
  },
  {
    "Коммент": null,
    "Были?": true,
    "Created time": "2023-09-15T18:53:00.000Z",
    "URL": "https://yandex.ru/maps/-/CDUmIBpn",
    "Tags": [
      "Шаурма🥙"
    ],
    "Метро / Доставка": [
      "Славик"
    ],
    "Цены": "Низкие (<2к)",
    "Оценка": 7,
    "Name": "Шаурма у Ассортиды"
  },
  {
    "Коммент": null,
    "Были?": true,
    "Created time": "2023-09-15T18:52:00.000Z",
    "URL": null,
    "Tags": [
      "Морские гады🐟",
      "Сетевуха🕸"
    ],
    "Метро / Доставка": [
      "Славик"
    ],
    "Цены": "Средние (~2к)",
    "Оценка": 6,
    "Name": "Моремания"
  },
  {
    "Коммент": null,
    "Были?": true,
    "Created time": "2023-09-15T18:27:00.000Z",
    "URL": "https://yandex.ru/maps/-/CDUmIU6v",
    "Tags": [
      "Шаурма🥙",
      "Сетевуха🕸"
    ],
    "Метро / Доставка": [
      "Славик"
    ],
    "Цены": "Средние (~2к)",
    "Оценка": 6,
    "Name": "Shawarma Bar"
  },
  {
    "Коммент": null,
    "Были?": true,
    "Created time": "2023-09-15T18:25:00.000Z",
    "URL": null,
    "Tags": [
      "Пицца🍕",
      "Сетевуха🕸",
      "Европа 💶"
    ],
    "Метро / Доставка": [
      "Славик"
    ],
    "Цены": "Выше среднего (2к+)",
    "Оценка": 8,
    "Name": "Сыроварня"
  },
  {
    "Коммент": null,
    "Были?": true,
    "Created time": "2023-09-15T18:25:00.000Z",
    "URL": "https://yandex.ru/maps/-/CDUmIQ7H",
    "Tags": [
      "Чайхана🍖",
      "Шашлык🍖"
    ],
    "Метро / Доставка": [
      "Славик"
    ],
    "Цены": "Низкие (<2к)",
    "Оценка": 7,
    "Name": "Чайхана Ташкент сити"
  },
  {
    "Коммент": null,
    "Были?": true,
    "Created time": "2023-09-15T18:25:00.000Z",
    "URL": null,
    "Tags": [
      "Пивнуха 🍺"
    ],
    "Метро / Доставка": [
      "Славик"
    ],
    "Цены": "Средние (~2к)",
    "Оценка": 7,
    "Name": "Опорный Пункт"
  }
]