[
  {
    "url": "https://vkusvill.ru/goods/vino-monastrel-contrasena-b-a-krasnoe-sukhoe-750-ml-85067.html",
    "title": "Вино «Monastrel Contrasena» б/а красное сухое, 750 мл",
    "price": "169.00"
  },
  {
    "url": "https://vkusvill.ru/goods/vino-sauvignon-blanc-contrasena-b-a-beloe-sukhoe-750-ml-85066.html",
    "title": "Вино «Sauvignon Blanc Contrasena» б/а белое сухое, 750 мл",
    "price": "169.00"
  },
  {
    "url": "https://vkusvill.ru/goods/vino-kaberne-sovinon-bezalkogolnoe-polusladkoe-krasnoe-750-ml-63988.html",
    "title": "Вино «Каберне Совиньон» безалкогольное полусладкое красное, 750 мл",
    "price": "718.00"
  },
  {
    "url": "https://vkusvill.ru/goods/vino-kasa-petru-shardone-bezalkogolnoe-polusladkoe-beloe-gaz-70107.html",
    "title": "Вино «Каса Петру Шардоне» безалкогольное полусладкое белое, газ.",
    "price": "249.00"
  },
  {
    "url": "https://vkusvill.ru/goods/vino-shardone-bezalkogolnoe-polusladkoe-beloe-750-ml-63997.html",
    "title": "Вино «Шардоне» безалкогольное полусладкое белое, 750 мл",
    "price": "718.00"
  },
  {
    "url": "https://vkusvill.ru/goods/gay-kodzor-shardone-0-75l-48855.html",
    "title": "Гай-Кодзор Шардоне 0,75л",
    "price": "675.00"
  },
  {
    "url": "https://vkusvill.ru/goods/medovukha-grechishnaya-500-ml-75299.html",
    "title": "Медовуха «Гречишная», 500 мл",
    "price": "198.00"
  },
  {
    "url": "https://vkusvill.ru/goods/medovukha-ezhevichnaya-500-ml-34500.html",
    "title": "Медовуха «Ежевичная», 500 мл",
    "price": "208.00"
  },
  {
    "url": "https://vkusvill.ru/goods/medovukha-malinovaya-500-ml-62827.html",
    "title": "Медовуха «Малиновая», 500 мл",
    "price": "208.00"
  },
  {
    "url": "https://vkusvill.ru/goods/medovukha-myed-i-abrikos-76221.html",
    "title": "Медовуха «Мёд и Абрикос»",
    "price": "273.00"
  },
  {
    "url": "https://vkusvill.ru/goods/medovukha-myed-i-ezhevika-76124.html",
    "title": "Медовуха «Мёд и Ежевика»",
    "price": "273.00"
  },
  {
    "url": "https://vkusvill.ru/goods/medovukha-myed-i-malina-s-myatoy-76222.html",
    "title": "Медовуха «Мёд и Малина» (с мятой)",
    "price": "294.00"
  },
  {
    "url": "https://vkusvill.ru/goods/medovukha-myed-i-smorodina-76224.html",
    "title": "Медовуха «Мёд и Смородина»",
    "price": "273.00"
  },
  {
    "url": "https://vkusvill.ru/goods/medovukha-siv-1-osvetlennaya-76123.html",
    "title": "Медовуха «СиВ 1» осветленная",
    "price": "180.00"
  },
  {
    "url": "https://vkusvill.ru/goods/napitok-abrau-layt-rozovyy-bezalkogolnyy-silnogazirovannyy-750-ml-84716.html",
    "title": "Напиток «Абрау Лайт розовый» безалкогольный сильногазированный, 750 мл",
    "price": "260.00"
  },
  {
    "url": "https://vkusvill.ru/goods/napitok-abrau-layt-bezalkogolnyy-silnogazirovannyy-750-ml-84717.html",
    "title": "Напиток «Абрау Лайт» безалкогольный сильногазированный, 750 мл",
    "price": "260.00"
  },
  {
    "url": "https://vkusvill.ru/goods/napitok-nimfo-sayder-bezalkogolnyy-330-ml-82347.html",
    "title": "Напиток «Нимфо Сайдер» безалкогольный , 330 мл",
    "price": "210.00"
  },
  {
    "url": "https://vkusvill.ru/goods/napitok-pivnoy-alpaca-juice-68921.html",
    "title": "Напиток пивной «Alpaca Juice»",
    "price": "293.00"
  },
  {
    "url": "https://vkusvill.ru/goods/napitok-pivnoy-blanche-biere-pshenichnyy-belyy-1-l-64035.html",
    "title": "Напиток пивной «Blanche biere» пшеничный белый, 1 л",
    "price": "170.00"
  },
  {
    "url": "https://vkusvill.ru/goods/napitok-pivnoy-cherie-cherry-pasterizovannyy-18617.html",
    "title": "Напиток пивной «Cherie Cherry» пастеризованный",
    "price": "175.00"
  },
  {
    "url": "https://vkusvill.ru/goods/napitok-pivnoy-milk-of-amnesia-44632.html",
    "title": "Напиток пивной «Milk of Amnesia»",
    "price": "197.00"
  },
  {
    "url": "https://vkusvill.ru/goods/napitok-pivnoy-palm-tree-tropicale-330-ml-80941.html",
    "title": "Напиток пивной «Palm tree tropicale», 330 мл",
    "price": "176.00"
  },
  {
    "url": "https://vkusvill.ru/goods/napitok-pivnoy-saldens-pryanik-stout-500-ml-82932.html",
    "title": "Напиток пивной «Saldens Pryanik Stout», 500 мл",
    "price": "255.00"
  },
  {
    "url": "https://vkusvill.ru/goods/napitok-pivnoy-saldens-tomato-gose-500-ml-82931.html",
    "title": "Напиток пивной «Saldens Tomato Gose», 500 мл",
    "price": "255.00"
  },
  {
    "url": "https://vkusvill.ru/goods/napitok-pivnoy-solanum-salt-77252.html",
    "title": "Напиток пивной «Solanum Salt»",
    "price": "244.00"
  },
  {
    "url": "https://vkusvill.ru/goods/napitok-pivnoy-sour-flow-lingonberry-500-ml-78013.html",
    "title": "Напиток пивной «Sour Flow Lingonberry», 500 мл",
    "price": "218.00"
  },
  {
    "url": "https://vkusvill.ru/goods/napitok-pivnoy-af-bryu-peshn-iz-may-konfeshn-33657.html",
    "title": "Напиток пивной «АФ Брю Пэшн из май Конфэшн»",
    "price": "329.00"
  },
  {
    "url": "https://vkusvill.ru/goods/napitok-pivnoy-kassis-el-330-ml-83187.html",
    "title": "Напиток пивной «Кассис эль», 330 мл",
    "price": "140.00"
  },
  {
    "url": "https://vkusvill.ru/goods/napitok-pivnoy-lovenbrau-pshenichnoe-bezalkogolnoe-nefiltrovannyy-450-ml-83174.html",
    "title": "Напиток пивной «Ловенбрау пшеничное безалкогольное» нефильтрованный, 450 мл",
    "price": "65.00"
  },
  {
    "url": "https://vkusvill.ru/goods/napitok-pivnoy-mini-bar-shpritts-400-ml-85857.html",
    "title": "Напиток пивной «Мини бар шпритц», 400 мл",
    "price": "104.00"
  },
  {
    "url": "https://vkusvill.ru/goods/napitok-pivnoy-myakot-48622.html",
    "title": "Напиток пивной «Мякоть»",
    "price": "270.00"
  },
  {
    "url": "https://vkusvill.ru/goods/napitok-pivnoy-khugarden-beloe-450-ml-64305.html",
    "title": "Напиток пивной «Хугарден белое», 450 мл",
    "price": "122.00"
  },
  {
    "url": "https://vkusvill.ru/goods/nektar-absolute-nature-bryut-vinogradnyy-bezalkogolnyy-gaz-88265.html",
    "title": "Нектар «Absolute Nature Брют» виноградный безалкогольный газ.",
    "price": "302.00"
  },
  {
    "url": "https://vkusvill.ru/goods/pivnoy-napitok-catch-up--39817.html",
    "title": "Пивной напиток «Catch Up!»",
    "price": "244.00"
  },
  {
    "url": "https://vkusvill.ru/goods/pivnoy-napitok-corona-extra-355-ml-82701.html",
    "title": "Пивной напиток «Corona Extra», 355 мл",
    "price": "191.00"
  },
  {
    "url": "https://vkusvill.ru/goods/pivnoy-napitok-kriek-boon-31108.html",
    "title": "Пивной напиток «Kriek Boon»",
    "price": "197.00"
  },
  {
    "url": "https://vkusvill.ru/goods/pivnoy-napitok-af-bryu-ap-ze-masts-76533.html",
    "title": "Пивной напиток «АФ Брю. Ап зе Мастс»",
    "price": "191.00"
  },
  {
    "url": "https://vkusvill.ru/goods/pivnoy-napitok-af-bryu-dzhoy-of-lollipopping-74961.html",
    "title": "Пивной напиток «АФ Брю. Джой оф Лоллипоппинг»",
    "price": "329.00"
  },
  {
    "url": "https://vkusvill.ru/goods/pivnoy-napitok-troynoy-pshenichnyy-el-750-ml-74306.html",
    "title": "Пивной напиток «Тройной Пшеничный Эль», 750 мл",
    "price": "270.00"
  },
  {
    "url": "https://vkusvill.ru/goods/pivnoy-napitok-cherritonin-72426.html",
    "title": "Пивной напиток ",
    "price": "276.00"
  },
  {
    "url": "https://vkusvill.ru/goods/pivnoy-napitok-svetlyy-klaud-draft-69182.html",
    "title": "Пивной напиток светлый «КЛАУД ДРАФТ»",
    "price": "165.00"
  },
  {
    "url": "https://vkusvill.ru/goods/pivnoy-napitok-svetlyy-klaud-oridzhinal-69183.html",
    "title": "Пивной напиток светлый «КЛАУД ОРИДЖИНАЛ»",
    "price": "165.00"
  },
  {
    "url": "https://vkusvill.ru/goods/pivo-american-pale-ale-17829.html",
    "title": "Пиво «American Pale Ale»",
    "price": "210.00"
  },
  {
    "url": "https://vkusvill.ru/goods/pivo-banana-kraken-svetloe-pshenichnoe-59415.html",
    "title": "Пиво «Banana Kraken» светлое пшеничное",
    "price": "164.00"
  },
  {
    "url": "https://vkusvill.ru/goods/pivo-budweiser-500-ml-32993.html",
    "title": "Пиво «Budweiser», 500 мл",
    "price": "223.00"
  },
  {
    "url": "https://vkusvill.ru/goods/pivo-clausthaler-original-bezalkogolnoe-svetloe-74258.html",
    "title": "Пиво «Clausthaler Original» безалкогольное светлое",
    "price": "159.00"
  },
  {
    "url": "https://vkusvill.ru/goods/pivo-fibonacci-330-ml-78910.html",
    "title": "Пиво «Fibonacci», 330 мл",
    "price": "223.00"
  },
  {
    "url": "https://vkusvill.ru/goods/pivo-guinness-draught-temnoe-440-ml-75894.html",
    "title": "Пиво «Guinness Draught» темное, 440 мл",
    "price": "348.00"
  },
  {
    "url": "https://vkusvill.ru/goods/pivo-india-pale-ale-svetloe-59417.html",
    "title": "Пиво «India Pale Ale» светлое",
    "price": "223.00"
  },
  {
    "url": "https://vkusvill.ru/goods/pivo-ipa-0-0-bezalkogolnoe-54689.html",
    "title": "Пиво «IPA 0,0» безалкогольное",
    "price": "82.00"
  },
  {
    "url": "https://vkusvill.ru/goods/pivo-jaws-apa-500-ml-78882.html",
    "title": "Пиво «Jaws APA», 500 мл",
    "price": "255.00"
  },
  {
    "url": "https://vkusvill.ru/goods/pivo-jaws-pale-ale-500-ml-78876.html",
    "title": "Пиво «Jaws Pale Ale», 500 мл",
    "price": "244.00"
  },
  {
    "url": "https://vkusvill.ru/goods/pivo-marston-s-oyster-stout-temnoe-34889.html",
    "title": "Пиво «Marston`S Oyster Stout» темное",
    "price": "276.00"
  },
  {
    "url": "https://vkusvill.ru/goods/pivo-nevermont-magic-dust-ne-ipa-63948.html",
    "title": "Пиво «Nevermont Magic Dust NE IPA»",
    "price": "308.00"
  },
  {
    "url": "https://vkusvill.ru/goods/pivo-saldens-old-school-double-ipa-500-ml-82933.html",
    "title": "Пиво «Saldens Old School Double IPA», 500 мл",
    "price": "271.00"
  },
  {
    "url": "https://vkusvill.ru/goods/pivo-saldens-six-hops-american-ipa-500-ml-83503.html",
    "title": "Пиво «Saldens Six Hops American IPA», 500 мл",
    "price": "271.00"
  },
  {
    "url": "https://vkusvill.ru/goods/pivo-schneider-weisse-tap-01-svetloe-34891.html",
    "title": "Пиво «Schneider Weisse tap 01» светлое",
    "price": "244.00"
  },
  {
    "url": "https://vkusvill.ru/goods/pivo-varka-psheno-450-ml-76235.html",
    "title": "Пиво «Varka Psheno», 450 мл",
    "price": "133.00"
  },
  {
    "url": "https://vkusvill.ru/goods/pivo-white-moon-staut-450-ml-76231.html",
    "title": "Пиво «White Moon» (стаут), 450 мл",
    "price": "170.00"
  },
  {
    "url": "https://vkusvill.ru/goods/pivo-zubr-classic-svetloe-cheshskoe-64029.html",
    "title": "Пиво «Zubr classic» светлое чешское",
    "price": "186.00"
  },
  {
    "url": "https://vkusvill.ru/goods/pivo-ayinger-broyvaysse-svetloe-pshenichnoe-25697.html",
    "title": "Пиво «Айингер Бройвайссе» светлое пшеничное",
    "price": "338.00"
  },
  {
    "url": "https://vkusvill.ru/goods/pivo-ayinger-lager-khell-svetloe-25698.html",
    "title": "Пиво «Айингер Лагер Хелль» светлое",
    "price": "338.00"
  },
  {
    "url": "https://vkusvill.ru/goods/pivo-ayinger-urvaysse-polutemnoe-25699.html",
    "title": "Пиво «Айингер Урвайссе» полутемное",
    "price": "338.00"
  },
  {
    "url": "https://vkusvill.ru/goods/pivo-atomnaya-prachechnaya-ipa-500-ml-78883.html",
    "title": "Пиво «Атомная прачечная IPA», 500 мл",
    "price": "308.00"
  },
  {
    "url": "https://vkusvill.ru/goods/pivo-af-bryu-mozaik-svetloe-nefiltrovannoe-33656.html",
    "title": "Пиво «АФ Брю Мозаик» светлое нефильтрованное",
    "price": "290.00"
  },
  {
    "url": "https://vkusvill.ru/goods/pivo-bakalar-bezalkogolnoe-svetloe-kholodnogo-okhmeleniya-330-ml-89726.html",
    "title": "Пиво «Бакалар» безалкогольное светлое холодного охмеления, 330 мл",
    "price": "150.00"
  },
  {
    "url": "https://vkusvill.ru/goods/pivo-bakalar-svetloe-kholodnogo-okhmeleniya-zh-b-500-ml-89722.html",
    "title": "Пиво «Бакалар» светлое холодного охмеления ж/б, 500 мл",
    "price": "173.00"
  },
  {
    "url": "https://vkusvill.ru/goods/pivo-barkhatnoe-17216.html",
    "title": "Пиво «Бархатное»",
    "price": "111.00"
  },
  {
    "url": "https://vkusvill.ru/goods/pivo-beloe-svetloe-nefiltrovannoe-1-42-l-40381.html",
    "title": "Пиво «Белое» светлое нефильтрованное, 1,42 л",
    "price": "218.00"
  },
  {
    "url": "https://vkusvill.ru/goods/pivo-belgiyskoe-bezalkogolnoe-22317.html",
    "title": "Пиво «Бельгийское» безалкогольное",
    "price": "99.00"
  },
  {
    "url": "https://vkusvill.ru/goods/pivo-belgiyskoe-nefiltrovannoe-33696.html",
    "title": "Пиво «Бельгийское» нефильтрованное",
    "price": "119.00"
  },
  {
    "url": "https://vkusvill.ru/goods/pivo-vil-brau-vayzen-bezalkogolnoe-svetloe-36096.html",
    "title": "Пиво «Виль-Брау Вайзен» безалкогольное светлое",
    "price": "271.00"
  },
  {
    "url": "https://vkusvill.ru/goods/pivo-gollandiya-bezalkogolnoe-svetloe-filtrovannoe-450-ml-85862.html",
    "title": "Пиво «Голландия» безалкогольное светлое фильтрованное, 450 мл",
    "price": "63.00"
  },
  {
    "url": "https://vkusvill.ru/goods/pivo-don-zhivoe-svetloe-1-l-64028.html",
    "title": "Пиво «Дон живое» светлое, 1 л",
    "price": "147.00"
  },
  {
    "url": "https://vkusvill.ru/goods/pivo-zhigulevskoe-17217.html",
    "title": "Пиво «Жигулевское»",
    "price": "99.00"
  },
  {
    "url": "https://vkusvill.ru/goods/pivo-zhiguli-1968-svetloe-65101.html",
    "title": "Пиво «Жигули 1968» светлое",
    "price": "80.00"
  },
  {
    "url": "https://vkusvill.ru/goods/pivo-zhiguli-barnoe-bezalkogolnoe-61640.html",
    "title": "Пиво «Жигули Барное» безалкогольное",
    "price": "73.00"
  },
  {
    "url": "https://vkusvill.ru/goods/pivo-zhiguli-barnoe-nepasterizovannoe-450-ml-36273.html",
    "title": "Пиво «Жигули Барное» непастеризованное, 450 мл",
    "price": "86.00"
  },
  {
    "url": "https://vkusvill.ru/goods/pivo-zhiguli-barnoe-zh-b-450-ml-34121.html",
    "title": "Пиво «Жигули Барное», ж/б 450 мл",
    "price": "64.00"
  },
  {
    "url": "https://vkusvill.ru/goods/pivo-kryuger-myagkoe-svetloe-69484.html",
    "title": "Пиво «Крюгер мягкое» светлое",
    "price": "112.00"
  },
  {
    "url": "https://vkusvill.ru/goods/pivo-leffe-blond-svetloe-filtrovannoe-steklo-330-ml-83710.html",
    "title": "Пиво «Леффе Блонд» светлое фильтрованное, стекло 330 мл",
    "price": "198.00"
  },
  {
    "url": "https://vkusvill.ru/goods/pivo-los-prosto-los-bezalkogolnoe-svetloe-330-ml-83178.html",
    "title": "Пиво «Лось, просто лось» безалкогольное светлое, 330 мл",
    "price": "141.00"
  },
  {
    "url": "https://vkusvill.ru/goods/pivo-merfis-ayrish-staut-temnoe-filtrovannoe-500-ml-86479.html",
    "title": "Пиво «Мерфис Айриш Стаут» темное фильтрованное, 500 мл",
    "price": "308.00"
  },
  {
    "url": "https://vkusvill.ru/goods/pivo-mogikanin-nefiltrovannoe-500-ml-33484.html",
    "title": "Пиво «Могиканин»нефильтрованное, 500 мл",
    "price": "210.00"
  },
  {
    "url": "https://vkusvill.ru/goods/pivo-myunkhenskiy-khelles-63947.html",
    "title": "Пиво «Мюнхенский Хеллес»",
    "price": "133.00"
  },
  {
    "url": "https://vkusvill.ru/goods/pivo-nemetskoe-nefiltrovannoe-20645.html",
    "title": "Пиво «Немецкое» нефильтрованное",
    "price": "103.00"
  },
  {
    "url": "https://vkusvill.ru/goods/pivo-nyu-ingland-peyl-el-500-ml-76925.html",
    "title": "Пиво «Нью Ингланд Пэйл Эль», 500 мл",
    "price": "308.00"
  },
  {
    "url": "https://vkusvill.ru/goods/pivo-pilsner-urkvel-svetloe-filtrovannoe-500-ml-83706.html",
    "title": "Пиво «Пилснер Урквел» светлое фильтрованное, 500 мл",
    "price": "195.00"
  },
  {
    "url": "https://vkusvill.ru/goods/pivo-prazhechka-filtrovannoe-svetloe-zh-b-500-ml-89723.html",
    "title": "Пиво «Пражечка» фильтрованное светлое ж/б, 500 мл",
    "price": "165.00"
  },
  {
    "url": "https://vkusvill.ru/goods/pivo-rizhskoe-svetloe-filtrovannoe-73278.html",
    "title": "Пиво «Рижское» светлое фильтрованное",
    "price": "112.00"
  },
  {
    "url": "https://vkusvill.ru/goods/pivo-sinyaya-boroda-temnoe-nefiltrovannoe-750-ml-74295.html",
    "title": "Пиво «Синяя Борода» темное нефильтрованное, 750 мл",
    "price": "270.00"
  },
  {
    "url": "https://vkusvill.ru/goods/pivo-tomskoe-firmennoe-svetloe-69483.html",
    "title": "Пиво «Томское фирменное» светлое",
    "price": "112.00"
  },
  {
    "url": "https://vkusvill.ru/goods/pivo-fermerskiy-el-svetloe-nefiltrovannoe-73510.html",
    "title": "Пиво «Фермерский Эль» светлое нефильтрованное",
    "price": "170.00"
  },
  {
    "url": "https://vkusvill.ru/goods/pivo-fermerskiy-el-svetloe-nefiltrovannoe-steklo-450-ml-85856.html",
    "title": "Пиво «Фермерский эль» светлое нефильтрованное стекло., 450 мл",
    "price": "104.00"
  },
  {
    "url": "https://vkusvill.ru/goods/pivo-chernovar-svetloe-filtrovannoe-zh-b-500-ml-89724.html",
    "title": "Пиво «Черновар» светлое фильтрованное ж/б, 500 мл",
    "price": "177.00"
  },
  {
    "url": "https://vkusvill.ru/goods/pivo-chernovar-temnoe-filtrovannoe-zh-b-500-ml-83863.html",
    "title": "Пиво «Черновар» темное фильтрованное ж/б, 500 мл",
    "price": "188.00"
  },
  {
    "url": "https://vkusvill.ru/goods/pivo-gollandiya-bezalkogolnoe-svetloe-filtrovannoe-450-ml-85862.html",
    "title": "Пиво «Голландия» безалкогольное светлое фильтрованное, 450 мл",
    "price": "63.00"
  },
  {
    "url": "https://vkusvill.ru/goods/pivo-don-zhivoe-svetloe-1-l-64028.html",
    "title": "Пиво «Дон живое» светлое, 1 л",
    "price": "147.00"
  },
  {
    "url": "https://vkusvill.ru/goods/pivo-zhigulevskoe-17217.html",
    "title": "Пиво «Жигулевское»",
    "price": "99.00"
  },
  {
    "url": "https://vkusvill.ru/goods/pivo-zhiguli-1968-svetloe-65101.html",
    "title": "Пиво «Жигули 1968» светлое",
    "price": "80.00"
  },
  {
    "url": "https://vkusvill.ru/goods/pivo-zhiguli-barnoe-bezalkogolnoe-61640.html",
    "title": "Пиво «Жигули Барное» безалкогольное",
    "price": "73.00"
  },
  {
    "url": "https://vkusvill.ru/goods/pivo-zhiguli-barnoe-nepasterizovannoe-450-ml-36273.html",
    "title": "Пиво «Жигули Барное» непастеризованное, 450 мл",
    "price": "86.00"
  },
  {
    "url": "https://vkusvill.ru/goods/pivo-zhiguli-barnoe-zh-b-450-ml-34121.html",
    "title": "Пиво «Жигули Барное», ж/б 450 мл",
    "price": "64.00"
  },
  {
    "url": "https://vkusvill.ru/goods/pivo-kryuger-myagkoe-svetloe-69484.html",
    "title": "Пиво «Крюгер мягкое» светлое",
    "price": "112.00"
  },
  {
    "url": "https://vkusvill.ru/goods/pivo-leffe-blond-svetloe-filtrovannoe-steklo-330-ml-83710.html",
    "title": "Пиво «Леффе Блонд» светлое фильтрованное, стекло 330 мл",
    "price": "198.00"
  },
  {
    "url": "https://vkusvill.ru/goods/pivo-los-prosto-los-bezalkogolnoe-svetloe-330-ml-83178.html",
    "title": "Пиво «Лось, просто лось» безалкогольное светлое, 330 мл",
    "price": "141.00"
  },
  {
    "url": "https://vkusvill.ru/goods/pivo-merfis-ayrish-staut-temnoe-filtrovannoe-500-ml-86479.html",
    "title": "Пиво «Мерфис Айриш Стаут» темное фильтрованное, 500 мл",
    "price": "308.00"
  },
  {
    "url": "https://vkusvill.ru/goods/pivo-mogikanin-nefiltrovannoe-500-ml-33484.html",
    "title": "Пиво «Могиканин»нефильтрованное, 500 мл",
    "price": "210.00"
  },
  {
    "url": "https://vkusvill.ru/goods/pivo-myunkhenskiy-khelles-63947.html",
    "title": "Пиво «Мюнхенский Хеллес»",
    "price": "133.00"
  },
  {
    "url": "https://vkusvill.ru/goods/pivo-nemetskoe-nefiltrovannoe-20645.html",
    "title": "Пиво «Немецкое» нефильтрованное",
    "price": "103.00"
  },
  {
    "url": "https://vkusvill.ru/goods/pivo-nyu-ingland-peyl-el-500-ml-76925.html",
    "title": "Пиво «Нью Ингланд Пэйл Эль», 500 мл",
    "price": "308.00"
  },
  {
    "url": "https://vkusvill.ru/goods/pivo-pilsner-urkvel-svetloe-filtrovannoe-500-ml-83706.html",
    "title": "Пиво «Пилснер Урквел» светлое фильтрованное, 500 мл",
    "price": "195.00"
  },
  {
    "url": "https://vkusvill.ru/goods/pivo-prazhechka-filtrovannoe-svetloe-zh-b-500-ml-89723.html",
    "title": "Пиво «Пражечка» фильтрованное светлое ж/б, 500 мл",
    "price": "165.00"
  },
  {
    "url": "https://vkusvill.ru/goods/pivo-rizhskoe-svetloe-filtrovannoe-73278.html",
    "title": "Пиво «Рижское» светлое фильтрованное",
    "price": "112.00"
  },
  {
    "url": "https://vkusvill.ru/goods/pivo-sinyaya-boroda-temnoe-nefiltrovannoe-750-ml-74295.html",
    "title": "Пиво «Синяя Борода» темное нефильтрованное, 750 мл",
    "price": "270.00"
  },
  {
    "url": "https://vkusvill.ru/goods/pivo-tomskoe-firmennoe-svetloe-69483.html",
    "title": "Пиво «Томское фирменное» светлое",
    "price": "112.00"
  },
  {
    "url": "https://vkusvill.ru/goods/pivo-fermerskiy-el-svetloe-nefiltrovannoe-73510.html",
    "title": "Пиво «Фермерский Эль» светлое нефильтрованное",
    "price": "170.00"
  },
  {
    "url": "https://vkusvill.ru/goods/pivo-fermerskiy-el-svetloe-nefiltrovannoe-steklo-450-ml-85856.html",
    "title": "Пиво «Фермерский эль» светлое нефильтрованное стекло., 450 мл",
    "price": "104.00"
  },
  {
    "url": "https://vkusvill.ru/goods/pivo-chernovar-svetloe-filtrovannoe-zh-b-500-ml-89724.html",
    "title": "Пиво «Черновар» светлое фильтрованное ж/б, 500 мл",
    "price": "177.00"
  },
  {
    "url": "https://vkusvill.ru/goods/pivo-chernovar-temnoe-filtrovannoe-zh-b-500-ml-83863.html",
    "title": "Пиво «Черновар» темное фильтрованное ж/б, 500 мл",
    "price": "188.00"
  },
  {
    "url": "https://vkusvill.ru/goods/pivo-gollandiya-bezalkogolnoe-svetloe-filtrovannoe-450-ml-85862.html",
    "title": "Пиво «Голландия» безалкогольное светлое фильтрованное, 450 мл",
    "price": "63.00"
  },
  {
    "url": "https://vkusvill.ru/goods/pivo-don-zhivoe-svetloe-1-l-64028.html",
    "title": "Пиво «Дон живое» светлое, 1 л",
    "price": "147.00"
  },
  {
    "url": "https://vkusvill.ru/goods/pivo-zhigulevskoe-17217.html",
    "title": "Пиво «Жигулевское»",
    "price": "99.00"
  },
  {
    "url": "https://vkusvill.ru/goods/pivo-zhiguli-1968-svetloe-65101.html",
    "title": "Пиво «Жигули 1968» светлое",
    "price": "80.00"
  },
  {
    "url": "https://vkusvill.ru/goods/pivo-zhiguli-barnoe-bezalkogolnoe-61640.html",
    "title": "Пиво «Жигули Барное» безалкогольное",
    "price": "73.00"
  },
  {
    "url": "https://vkusvill.ru/goods/pivo-zhiguli-barnoe-nepasterizovannoe-450-ml-36273.html",
    "title": "Пиво «Жигули Барное» непастеризованное, 450 мл",
    "price": "86.00"
  },
  {
    "url": "https://vkusvill.ru/goods/pivo-zhiguli-barnoe-zh-b-450-ml-34121.html",
    "title": "Пиво «Жигули Барное», ж/б 450 мл",
    "price": "64.00"
  },
  {
    "url": "https://vkusvill.ru/goods/pivo-kryuger-myagkoe-svetloe-69484.html",
    "title": "Пиво «Крюгер мягкое» светлое",
    "price": "112.00"
  },
  {
    "url": "https://vkusvill.ru/goods/pivo-leffe-blond-svetloe-filtrovannoe-steklo-330-ml-83710.html",
    "title": "Пиво «Леффе Блонд» светлое фильтрованное, стекло 330 мл",
    "price": "198.00"
  },
  {
    "url": "https://vkusvill.ru/goods/pivo-los-prosto-los-bezalkogolnoe-svetloe-330-ml-83178.html",
    "title": "Пиво «Лось, просто лось» безалкогольное светлое, 330 мл",
    "price": "141.00"
  },
  {
    "url": "https://vkusvill.ru/goods/pivo-merfis-ayrish-staut-temnoe-filtrovannoe-500-ml-86479.html",
    "title": "Пиво «Мерфис Айриш Стаут» темное фильтрованное, 500 мл",
    "price": "308.00"
  },
  {
    "url": "https://vkusvill.ru/goods/pivo-mogikanin-nefiltrovannoe-500-ml-33484.html",
    "title": "Пиво «Могиканин»нефильтрованное, 500 мл",
    "price": "210.00"
  },
  {
    "url": "https://vkusvill.ru/goods/pivo-myunkhenskiy-khelles-63947.html",
    "title": "Пиво «Мюнхенский Хеллес»",
    "price": "133.00"
  },
  {
    "url": "https://vkusvill.ru/goods/pivo-nemetskoe-nefiltrovannoe-20645.html",
    "title": "Пиво «Немецкое» нефильтрованное",
    "price": "103.00"
  },
  {
    "url": "https://vkusvill.ru/goods/pivo-nyu-ingland-peyl-el-500-ml-76925.html",
    "title": "Пиво «Нью Ингланд Пэйл Эль», 500 мл",
    "price": "308.00"
  },
  {
    "url": "https://vkusvill.ru/goods/pivo-pilsner-urkvel-svetloe-filtrovannoe-500-ml-83706.html",
    "title": "Пиво «Пилснер Урквел» светлое фильтрованное, 500 мл",
    "price": "195.00"
  },
  {
    "url": "https://vkusvill.ru/goods/pivo-prazhechka-filtrovannoe-svetloe-zh-b-500-ml-89723.html",
    "title": "Пиво «Пражечка» фильтрованное светлое ж/б, 500 мл",
    "price": "165.00"
  },
  {
    "url": "https://vkusvill.ru/goods/pivo-rizhskoe-svetloe-filtrovannoe-73278.html",
    "title": "Пиво «Рижское» светлое фильтрованное",
    "price": "112.00"
  },
  {
    "url": "https://vkusvill.ru/goods/pivo-sinyaya-boroda-temnoe-nefiltrovannoe-750-ml-74295.html",
    "title": "Пиво «Синяя Борода» темное нефильтрованное, 750 мл",
    "price": "270.00"
  },
  {
    "url": "https://vkusvill.ru/goods/pivo-tomskoe-firmennoe-svetloe-69483.html",
    "title": "Пиво «Томское фирменное» светлое",
    "price": "112.00"
  },
  {
    "url": "https://vkusvill.ru/goods/pivo-fermerskiy-el-svetloe-nefiltrovannoe-73510.html",
    "title": "Пиво «Фермерский Эль» светлое нефильтрованное",
    "price": "170.00"
  },
  {
    "url": "https://vkusvill.ru/goods/pivo-fermerskiy-el-svetloe-nefiltrovannoe-steklo-450-ml-85856.html",
    "title": "Пиво «Фермерский эль» светлое нефильтрованное стекло., 450 мл",
    "price": "104.00"
  },
  {
    "url": "https://vkusvill.ru/goods/pivo-chernovar-svetloe-filtrovannoe-zh-b-500-ml-89724.html",
    "title": "Пиво «Черновар» светлое фильтрованное ж/б, 500 мл",
    "price": "177.00"
  },
  {
    "url": "https://vkusvill.ru/goods/pivo-chernovar-temnoe-filtrovannoe-zh-b-500-ml-83863.html",
    "title": "Пиво «Черновар» темное фильтрованное ж/б, 500 мл",
    "price": "188.00"
  },
  {
    "url": "https://vkusvill.ru/goods/pivo-cheshskiy-pilsner-63953.html",
    "title": "Пиво «Чешский Пилснер»",
    "price": "133.00"
  },
  {
    "url": "https://vkusvill.ru/goods/pivo-cheshskoe-dlya-barov-1-42-l-29335.html",
    "title": "Пиво «Чешское для баров», 1,42 л",
    "price": "207.00"
  },
  {
    "url": "https://vkusvill.ru/goods/pivo-shpaten-myunkhen-khelles-svetloe-66752.html",
    "title": "Пиво «Шпатен Мюнхен хеллес» светлое",
    "price": "170.00"
  },
  {
    "url": "https://vkusvill.ru/goods/pivo-shpaten-myunkhen-svetloe-germaniya-500-ml-85703.html",
    "title": "Пиво «Шпатен Мюнхен» светлое (Германия), 500 мл",
    "price": "241.00"
  },
  {
    "url": "https://vkusvill.ru/goods/pivo-yuzberg-dunkel-tyemnoe-filtrovannoe-470-ml-88185.html",
    "title": "Пиво «Юзберг Dunkel» тёмное фильтрованное, 470 мл",
    "price": "80.00"
  },
  {
    "url": "https://vkusvill.ru/goods/pivo-yuzberg-weiss-svetloe-nefiltrovannoe-pshenichnoe-470-ml-86311.html",
    "title": "Пиво «Юзберг Weiss» светлое нефильтрованное пшеничное, 470 мл",
    "price": "85.00"
  },
  {
    "url": "https://vkusvill.ru/goods/pivo-yuzberg-bok-svetloe-filtrovannoe-450-ml-86310.html",
    "title": "Пиво «Юзберг Бок» светлое фильтрованное, 450 мл",
    "price": "80.00"
  },
  {
    "url": "https://vkusvill.ru/goods/pivo-avstriyskoe-stiegl-goldbrau-66294.html",
    "title": "Пиво австрийское «STIEGL GOLDBRAU»",
    "price": "176.00"
  },
  {
    "url": "https://vkusvill.ru/goods/pivo-b-a-svetloe-schneider-weisse-tap-03-34896.html",
    "title": "Пиво б/а светлое «Schneider Weisse tap 03»",
    "price": "70.00"
  },
  {
    "url": "https://vkusvill.ru/goods/pivo-bezalkogolnoe-ipa-500-ml-74303.html",
    "title": "Пиво безалкогольное «IPA», 500 мл",
    "price": "203.00"
  },
  {
    "url": "https://vkusvill.ru/goods/pivo-pshenichnoe-svetloe-nefiltrovannoe-20978.html",
    "title": "Пиво пшеничное светлое нефильтрованное",
    "price": "119.00"
  },
  {
    "url": "https://vkusvill.ru/goods/pivo-svetloe-hefe-weizen-will-brau-71670.html",
    "title": "Пиво светлое «Hefe Weizen Will Brau»",
    "price": "234.00"
  },
  {
    "url": "https://vkusvill.ru/goods/pivo-temnoe-filtrovannoe-palm-500-ml-50813.html",
    "title": "Пиво темное фильтрованное «PALM», 500 мл",
    "price": "177.00"
  },
  {
    "url": "https://vkusvill.ru/goods/puare-puare-de-byulvi-sukhoy-igristyy-750-ml-86190.html",
    "title": "Пуаре «Пуаре де Бюльви» сухой игристый, 750 мл",
    "price": "520.00"
  },
  {
    "url": "https://vkusvill.ru/goods/puare-igristyy-polusukhoy-750-ml-74307.html",
    "title": "Пуаре игристый полусухой, 750 мл",
    "price": "292.00"
  },
  {
    "url": "https://vkusvill.ru/goods/puare-traditsionnyy-sukhoy-st-anton-750-ml-sent-anton-77551.html",
    "title": "Пуаре традиционный сухой «St. Anton», 750 мл (Сэнт Антон)",
    "price": "310.00"
  },
  {
    "url": "https://vkusvill.ru/goods/sidr-st-anton-igristyy-polusladkiy-750-ml-77552.html",
    "title": "Сидр «St. Anton» игристый полусладкий, 750 мл",
    "price": "310.00"
  },
  {
    "url": "https://vkusvill.ru/goods/sidr-byulvi-mango-polusladkiy-450-ml-86191.html",
    "title": "Сидр «Бюльви Манго» полусладкий, 450 мл",
    "price": "250.00"
  },
  {
    "url": "https://vkusvill.ru/goods/sidr-dalnyaya-dacha-3-polusladkiy-500-ml-34957.html",
    "title": "Сидр «Дальняя дача» №3 полусладкий, 500 мл",
    "price": "221.00"
  },
  {
    "url": "https://vkusvill.ru/goods/sidr-zimnyaya-istoriya-750-ml-85554.html",
    "title": "Сидр «Зимняя История», 750 мл",
    "price": "567.00"
  },
  {
    "url": "https://vkusvill.ru/goods/sidr-rozovyy-500-ml-26767.html",
    "title": "Сидр «Розовый», 500 мл",
    "price": "187.00"
  },
  {
    "url": "https://vkusvill.ru/goods/sidr-rustik-polusukhoy-nefiltrovannyy-450-ml-86193.html",
    "title": "Сидр «Рустик» полусухой нефильтрованный, 450 мл",
    "price": "238.00"
  },
  {
    "url": "https://vkusvill.ru/goods/sidr-sent-anton-polusladkiy-s-sokom-lesnykh-yagod-83621.html",
    "title": "Сидр «Сэнт Антон» полусладкий с соком лесных ягод",
    "price": "200.00"
  },
  {
    "url": "https://vkusvill.ru/goods/sidr-chernaya-smorodina-bezalkogolnyy-330-ml-74505.html",
    "title": "Сидр «Черная смородина» безалкогольный, 330 мл",
    "price": "87.00"
  },
  {
    "url": "https://vkusvill.ru/goods/sidr-yablochnyy-bezalkogolnyy-330-ml-74511.html",
    "title": "Сидр «Яблочный» безалкогольный, 330 мл",
    "price": "153.00"
  },
  {
    "url": "https://vkusvill.ru/goods/sidr-igristyy-polusukhoy-750-ml-74308.html",
    "title": "Сидр игристый полусухой, 750 мл",
    "price": "303.00"
  },
  {
    "url": "https://vkusvill.ru/goods/sidr-fruktovyy-sladkiy-so-vkusom-vishni-500-ml-82345.html",
    "title": "Сидр фруктовый сладкий со вкусом вишни, 500 мл",
    "price": "200.00"
  },
  {
    "url": "https://vkusvill.ru/goods/sidr-fruktovyy-sladkiy-so-vkusom-mango-marakuyya-yabloko-500-ml-82342.html",
    "title": "Сидр фруктовый сладкий со вкусом манго-маракуйя-яблоко, 500 мл",
    "price": "200.00"
  },
  {
    "url": "https://vkusvill.ru/goods/sidr-yablochnyy-apfelwein-gold-500-ml-44286.html",
    "title": "Сидр яблочный «Apfelwein-gold», 500 мл",
    "price": "305.00"
  },
  {
    "url": "https://vkusvill.ru/goods/sidr-yablochnyy-apfelwein-pur-sukhoy-500-ml-33655.html",
    "title": "Сидр яблочный «Apfelwein-pur» сухой, 500 мл",
    "price": "294.00"
  },
  {
    "url": "https://vkusvill.ru/goods/sidr-yablochnyy-st-anton-bezalkogolnyy-polusladkiy-500-ml-70134.html",
    "title": "Сидр яблочный «St. Anton» безалкогольный полусладкий, 500 мл",
    "price": "179.00"
  },
  {
    "url": "https://vkusvill.ru/goods/sidr-yablochnyy-ablko-sukhoy-okhmelennyy-330-ml-83622.html",
    "title": "Сидр яблочный «Аблъко» сухой охмеленный, 330 мл",
    "price": "230.00"
  },
  {
    "url": "https://vkusvill.ru/goods/sidr-yablochnyy-ablko-sukhoy-traditsionnyy-330-ml-85416.html",
    "title": "Сидр яблочный «Аблъко» сухой традиционный, 330 мл",
    "price": "230.00"
  },
  {
    "url": "https://vkusvill.ru/goods/sidr-yablochnyy-furne-roze-sukhoy-750-ml-26161.html",
    "title": "Сидр яблочный «Фурнье Розе» сухой, 750 мл",
    "price": "725.00"
  },
  {
    "url": "https://vkusvill.ru/goods/sidr-yablochnyy-polusladkiy-st-anton-s-arbuzom-500-ml-77216.html",
    "title": "Сидр яблочный полусладкий «St. Anton» с арбузом, 500 мл",
    "price": "200.00"
  },
  {
    "url": "https://vkusvill.ru/goods/sidr-yablochnyy-polusladkiy-750-ml-1247.html",
    "title": "Сидр яблочный полусладкий, 750 мл",
    "price": "310.00"
  },
  {
    "url": "https://vkusvill.ru/goods/sidr-yablochnyy-polusukhoy-nefiltrovannyy-330-ml-63950.html",
    "title": "Сидр яблочный полусухой нефильтрованный, 330 мл",
    "price": "142.00"
  },
  {
    "url": "https://vkusvill.ru/goods/sidr-yablochnyy-polusukhoy-nefiltrovannyy-750-ml-37299.html",
    "title": "Сидр яблочный полусухой нефильтрованный, 750 мл",
    "price": "310.00"
  },
  {
    "url": "https://vkusvill.ru/goods/sidr-yablochnyy-sukhoy-igristyy-frantsuzskiy-750-ml-51931.html",
    "title": "Сидр яблочный сухой игристый французский, 750 мл",
    "price": "620.00"
  },
  {
    "url": "https://vkusvill.ru/goods/sidr-yablochnyy-sukhoy-ispanskiy-araeta-amalur-750-ml-26164.html",
    "title": "Сидр яблочный сухой испанский Araeta amalur, 750 мл",
    "price": "546.00"
  },
  {
    "url": "https://vkusvill.ru/goods/sidr-yablochnyy-sukhoy-neigristyy-ispanskiy-cortina-700-ml-49711.html",
    "title": "Сидр яблочный сухой неигристый испанский «Cortina», 700 мл",
    "price": "546.00"
  },
  {
    "url": "https://vkusvill.ru/goods/sidr-yablochnyy-sukhoy-500-ml-15064.html",
    "title": "Сидр яблочный сухой, 500 мл",
    "price": "208.00"
  },
  {
    "url": "https://vkusvill.ru/goods/sidr-yablochnyy-bezalkogolnyy-330-ml-74511.html",
    "title": "Сидр «Яблочный» безалкогольный, 330 мл",
    "price": "153.00"
  },
  {
    "url": "https://vkusvill.ru/goods/sidr-igristyy-polusukhoy-750-ml-74308.html",
    "title": "Сидр игристый полусухой, 750 мл",
    "price": "303.00"
  },
  {
    "url": "https://vkusvill.ru/goods/sidr-fruktovyy-sladkiy-so-vkusom-vishni-500-ml-82345.html",
    "title": "Сидр фруктовый сладкий со вкусом вишни, 500 мл",
    "price": "200.00"
  },
  {
    "url": "https://vkusvill.ru/goods/sidr-fruktovyy-sladkiy-so-vkusom-mango-marakuyya-yabloko-500-ml-82342.html",
    "title": "Сидр фруктовый сладкий со вкусом манго-маракуйя-яблоко, 500 мл",
    "price": "200.00"
  },
  {
    "url": "https://vkusvill.ru/goods/sidr-yablochnyy-apfelwein-gold-500-ml-44286.html",
    "title": "Сидр яблочный «Apfelwein-gold», 500 мл",
    "price": "305.00"
  },
  {
    "url": "https://vkusvill.ru/goods/sidr-yablochnyy-apfelwein-pur-sukhoy-500-ml-33655.html",
    "title": "Сидр яблочный «Apfelwein-pur» сухой, 500 мл",
    "price": "294.00"
  },
  {
    "url": "https://vkusvill.ru/goods/sidr-yablochnyy-st-anton-bezalkogolnyy-polusladkiy-500-ml-70134.html",
    "title": "Сидр яблочный «St. Anton» безалкогольный полусладкий, 500 мл",
    "price": "179.00"
  },
  {
    "url": "https://vkusvill.ru/goods/sidr-yablochnyy-ablko-sukhoy-okhmelennyy-330-ml-83622.html",
    "title": "Сидр яблочный «Аблъко» сухой охмеленный, 330 мл",
    "price": "230.00"
  },
  {
    "url": "https://vkusvill.ru/goods/sidr-yablochnyy-ablko-sukhoy-traditsionnyy-330-ml-85416.html",
    "title": "Сидр яблочный «Аблъко» сухой традиционный, 330 мл",
    "price": "230.00"
  },
  {
    "url": "https://vkusvill.ru/goods/sidr-yablochnyy-furne-roze-sukhoy-750-ml-26161.html",
    "title": "Сидр яблочный «Фурнье Розе» сухой, 750 мл",
    "price": "725.00"
  },
  {
    "url": "https://vkusvill.ru/goods/sidr-yablochnyy-polusladkiy-st-anton-s-arbuzom-500-ml-77216.html",
    "title": "Сидр яблочный полусладкий «St. Anton» с арбузом, 500 мл",
    "price": "200.00"
  },
  {
    "url": "https://vkusvill.ru/goods/sidr-yablochnyy-polusladkiy-750-ml-1247.html",
    "title": "Сидр яблочный полусладкий, 750 мл",
    "price": "310.00"
  },
  {
    "url": "https://vkusvill.ru/goods/sidr-yablochnyy-polusukhoy-nefiltrovannyy-330-ml-63950.html",
    "title": "Сидр яблочный полусухой нефильтрованный, 330 мл",
    "price": "142.00"
  },
  {
    "url": "https://vkusvill.ru/goods/sidr-yablochnyy-polusukhoy-nefiltrovannyy-750-ml-37299.html",
    "title": "Сидр яблочный полусухой нефильтрованный, 750 мл",
    "price": "310.00"
  },
  {
    "url": "https://vkusvill.ru/goods/sidr-yablochnyy-sukhoy-igristyy-frantsuzskiy-750-ml-51931.html",
    "title": "Сидр яблочный сухой игристый французский, 750 мл",
    "price": "620.00"
  },
  {
    "url": "https://vkusvill.ru/goods/sidr-yablochnyy-sukhoy-ispanskiy-araeta-amalur-750-ml-26164.html",
    "title": "Сидр яблочный сухой испанский Araeta amalur, 750 мл",
    "price": "546.00"
  },
  {
    "url": "https://vkusvill.ru/goods/sidr-yablochnyy-sukhoy-neigristyy-ispanskiy-cortina-700-ml-49711.html",
    "title": "Сидр яблочный сухой неигристый испанский «Cortina», 700 мл",
    "price": "546.00"
  },
  {
    "url": "https://vkusvill.ru/goods/sidr-yablochnyy-sukhoy-500-ml-15064.html",
    "title": "Сидр яблочный сухой, 500 мл",
    "price": "208.00"
  },
  {
    "url": "https://vkusvill.ru/goods/sidr-yablochnyy-bezalkogolnyy-330-ml-74511.html",
    "title": "Сидр «Яблочный» безалкогольный, 330 мл",
    "price": "153.00"
  },
  {
    "url": "https://vkusvill.ru/goods/sidr-igristyy-polusukhoy-750-ml-74308.html",
    "title": "Сидр игристый полусухой, 750 мл",
    "price": "303.00"
  },
  {
    "url": "https://vkusvill.ru/goods/sidr-fruktovyy-sladkiy-so-vkusom-vishni-500-ml-82345.html",
    "title": "Сидр фруктовый сладкий со вкусом вишни, 500 мл",
    "price": "200.00"
  },
  {
    "url": "https://vkusvill.ru/goods/sidr-fruktovyy-sladkiy-so-vkusom-mango-marakuyya-yabloko-500-ml-82342.html",
    "title": "Сидр фруктовый сладкий со вкусом манго-маракуйя-яблоко, 500 мл",
    "price": "200.00"
  },
  {
    "url": "https://vkusvill.ru/goods/sidr-yablochnyy-apfelwein-gold-500-ml-44286.html",
    "title": "Сидр яблочный «Apfelwein-gold», 500 мл",
    "price": "305.00"
  },
  {
    "url": "https://vkusvill.ru/goods/sidr-yablochnyy-apfelwein-pur-sukhoy-500-ml-33655.html",
    "title": "Сидр яблочный «Apfelwein-pur» сухой, 500 мл",
    "price": "294.00"
  },
  {
    "url": "https://vkusvill.ru/goods/sidr-yablochnyy-st-anton-bezalkogolnyy-polusladkiy-500-ml-70134.html",
    "title": "Сидр яблочный «St. Anton» безалкогольный полусладкий, 500 мл",
    "price": "179.00"
  },
  {
    "url": "https://vkusvill.ru/goods/sidr-yablochnyy-ablko-sukhoy-okhmelennyy-330-ml-83622.html",
    "title": "Сидр яблочный «Аблъко» сухой охмеленный, 330 мл",
    "price": "230.00"
  },
  {
    "url": "https://vkusvill.ru/goods/sidr-yablochnyy-ablko-sukhoy-traditsionnyy-330-ml-85416.html",
    "title": "Сидр яблочный «Аблъко» сухой традиционный, 330 мл",
    "price": "230.00"
  },
  {
    "url": "https://vkusvill.ru/goods/sidr-yablochnyy-furne-roze-sukhoy-750-ml-26161.html",
    "title": "Сидр яблочный «Фурнье Розе» сухой, 750 мл",
    "price": "725.00"
  },
  {
    "url": "https://vkusvill.ru/goods/sidr-yablochnyy-polusladkiy-st-anton-s-arbuzom-500-ml-77216.html",
    "title": "Сидр яблочный полусладкий «St. Anton» с арбузом, 500 мл",
    "price": "200.00"
  },
  {
    "url": "https://vkusvill.ru/goods/sidr-yablochnyy-polusladkiy-750-ml-1247.html",
    "title": "Сидр яблочный полусладкий, 750 мл",
    "price": "310.00"
  },
  {
    "url": "https://vkusvill.ru/goods/sidr-yablochnyy-polusukhoy-nefiltrovannyy-330-ml-63950.html",
    "title": "Сидр яблочный полусухой нефильтрованный, 330 мл",
    "price": "142.00"
  },
  {
    "url": "https://vkusvill.ru/goods/sidr-yablochnyy-polusukhoy-nefiltrovannyy-750-ml-37299.html",
    "title": "Сидр яблочный полусухой нефильтрованный, 750 мл",
    "price": "310.00"
  },
  {
    "url": "https://vkusvill.ru/goods/sidr-yablochnyy-sukhoy-igristyy-frantsuzskiy-750-ml-51931.html",
    "title": "Сидр яблочный сухой игристый французский, 750 мл",
    "price": "620.00"
  },
  {
    "url": "https://vkusvill.ru/goods/sidr-yablochnyy-sukhoy-ispanskiy-araeta-amalur-750-ml-26164.html",
    "title": "Сидр яблочный сухой испанский Araeta amalur, 750 мл",
    "price": "546.00"
  },
  {
    "url": "https://vkusvill.ru/goods/sidr-yablochnyy-sukhoy-neigristyy-ispanskiy-cortina-700-ml-49711.html",
    "title": "Сидр яблочный сухой неигристый испанский «Cortina», 700 мл",
    "price": "546.00"
  },
  {
    "url": "https://vkusvill.ru/goods/sidr-yablochnyy-sukhoy-500-ml-15064.html",
    "title": "Сидр яблочный сухой, 500 мл",
    "price": "208.00"
  }
]