symbol,fullTimeEmployees,maxAge,priceHint,previousClose,open,dayLow,dayHigh,regularMarketPreviousClose,regularMarketOpen,regularMarketDayLow,regularMarketDayHigh,trailingPE,volume,regularMarketVolume,bid,ask,marketCap,fiftyTwoWeekLow,fiftyTwoWeekHigh,priceToSalesTrailing12Months,fiftyDayAverage,twoHundredDayAverage,enterpriseValue,profitMargins,sharesOutstanding,heldPercentInsiders,impliedSharesOutstanding,bookValue,priceToBook,lastFiscalYearEnd,nextFiscalYearEnd,mostRecentQuarter,netIncomeToCommon,trailingEps,enterpriseToRevenue,enterpriseToEbitda,SandP52WeekChange,firstTradeDateEpochUtc,gmtOffSetMilliseconds,totalCash,totalCashPerShare,ebitda,totalDebt,totalRevenue,debtToEquity,revenuePerShare,revenueGrowth,grossMargins,ebitdaMargins,operatingMargins,currentPrice,fairPrice
RNFT.ME,7978,86400,2,88.4,89.0,88.0,91.0,88.4,89.0,88.0,91.0,22.2,130338,130338,89.0,88.8,26117857280,88.0,97.2,0.08803208,97.2,97.2,115064348672,0.06613,294120000,0.5858,294120000,425.31,0.20878889,1640908800,1672444800,1696032000,19618392064,4.0,0.388,1.964,0.2526338,1495693800,10800000,4357199872,14.814,58572808192,93303685120,296685666304,74.588,916.228,0.772,0.37702,0.19742,0.33988,88.8,86.19310000000004
SFIN.ME,2553,86400,2,605.4,614.2,604.0,615.0,605.4,614.2,604.0,615.0,8.88374,950,950,613.6,615.2,30188382208,462.0,615.0,1.0311316,462.0,462.0,182218031104,0.5807,49198800,0.84556997,49198800,1544.155,0.3973694,1672444800,1703980800,1688083200,17001135104,69.07,6.224,0.0,0.2526338,1449815400,10800000,26392715264,552.044,0,179781255168,29276942336,245.206,608.764,1.062,1.0,0.0,0.77732,613.6,608.1609999999997
MAGN.ME,0,86400,2,32.25,32.23,31.4,32.28,32.25,32.23,31.4,32.28,1.8051575,10056960,10056960,32.155,31.5,351990448128,31.4,45.005,0.46108863,45.005,45.005,259090399232,0.15481,11174299648,0.0,11174299648,59.245,0.5316904,1703980800,1735603200,1703980800,118176997376,17.45,0.339,1.334,0.2526338,1267597800,10800000,166712999936,14.919,194255994880,72521998336,763390001152,10.933,68.316,0.384,0.3644,0.25445998,0.18661,31.5,32.11439999999999
RUAL.ME,49493,86400,2,55.9,56.0,54.75,56.285,55.9,56.0,54.75,56.285,4.2104073,2574080,2574080,56.275,55.8,848225239040,54.75,63.125,69.45265,63.125,63.125,853929033728,0.02309,15192999936,0.824,15192999936,0.725,77.0069,1703980800,1735603200,1703980800,282000000,13.26,69.92,1091.981,0.2526338,1427697000,10800000,2212000000,0.146,782000000,7914999808,12213000192,71.85,0.804,-0.081,0.14476,0.06403,0.0292,55.83,58.418699999999966
VTBR.ME,0,86400,4,0.018735,0.01885,0.01862,0.01894,0.018735,0.01885,0.01862,0.01894,0.9415,1387610816,1387610816,0.01883,0.0186,244001013760,0.01862,0.01917,0.25453892,0.01917,0.01917,1588003471360,0.43875998,12958099832832,0.0,12958099832832,0.063,0.29888886,1703980800,1735603200,1703980800,420599988224,0.02,1.657,0.0,0.2526338,1267597800,10800000,2198400008192,0.083,0,3244499927040,958599987200,0.0,0.044,0.0,0.0,0.0,0.3206,0.01883,0.4479706000000002
NVTK.ME,0,86400,2,998.0,998.0,981.0,1002.8,998.0,998.0,981.0,1002.8,6.8843594,696610,696610,990.4,981.4,2974640766976,981.0,1010.8,2.168883,1010.8,1010.8,0,0.33761,2995610112,0.0,2995610112,798.935,1.2429047,1703980800,1735603200,1703980800,463031009280,144.24,0.0,0.0,0.2526338,1321853400,10800000,157661003776,0.0,442874003456,224361005056,1371508047872,8.611,0.0,0.0,0.44109002,0.32291,0.30188,993.0,954.188
CHMF.ME,0,86400,2,823.8,822.4,811.0,822.6,823.8,822.4,811.0,822.6,2.691879,229769,229769,820.6,800.0,688102375424,811.0,1150.6,0.94478804,1150.6,1150.6,512958103552,0.26618,837718976,0.7685,837718976,731.346,1.1231346,1703980800,1735603200,1703980800,193860993024,305.14,0.704,2.006,0.2526338,1267597800,10800000,376451006464,449.376,255653003264,200140996608,728314019840,32.605,869.11,0.274,0.43794,0.35102,0.32055,821.4,814.2019999999998
MTLR.ME,0,86400,2,121.57,121.6,121.23,123.72,121.57,121.6,121.23,123.72,0.6126601,1155333,1155333,122.04,120.98,63446433792,121.23,135.88,0.15631667,135.88,135.88,317627432960,0.05499,404776000,0.0,520265984,-192.956,0.0,1703980800,1735603200,1703980800,22321000448,199.05,0.783,3.92,0.2526338,1267597800,10800000,7226999808,17.854,81022001152,257872003072,405884010496,0.0,1002.737,0.142,0.38322,0.19962,0.18281999,121.95,121.29550000000016
ROSN.ME,0,86400,2,364.95,343.0,343.0,356.5,364.95,343.0,343.0,356.5,3.7783756,5692617,5692617,357.6,354.0,3336400273408,343.0,399.6,0.36411658,399.6,399.6,0,0.16687,9500000256,0.8821,9500000256,885.684,0.3965297,1703980800,1735603200,1703980800,1528999968768,92.95,0.0,0.0,0.2526338,1267597800,10800000,0,0.0,2951000096768,0,9163000250368,0.0,964.526,0.0,0.92633003,0.32206002,0.15837,351.2,357.0715
LKOH.ME,0,86400,2,3956.0,3959.5,3902.5,3980.0,3956.0,3959.5,3902.5,3980.0,3.4640048,359490,359490,3981.0,3911.0,2543495413760,3902.5,4415.5,0.27442408,4415.5,4415.5,2091355078656,0.083450004,650344000,0.0,650344000,8699.237,0.44957966,1640908800,1672444800,1688083200,773441978368,1129.04,0.226,1.548,0.2526338,1267597800,10800000,1020063973376,1473.366,1351236976640,387902013440,9268484898816,6.424,14207.514,0.0,0.31672,0.14579001,0.16414,3911.0,4064.42
PLZL.ME,0,86400,2,8225.0,8305.0,8120.0,8496.0,8225.0,8305.0,8120.0,8496.0,7.9884024,74628,74628,8400.0,8300.0,1130801790976,8120.0,12350.0,208.02092,12350.0,12350.0,799895977984,0.31806,94625000,0.7625,135004992,-6.7,0.0,1703980800,1735603200,1703980800,1728999936,1048.52,147.148,216.247,0.2526338,1267597800,10800000,1748999936,18.483,3699000064,9059000320,5436000256,0.0,46.719,0.268,0.74117,0.68046,0.60852003,8376.0,8996.216
VKCO.ME,0,86400,2,332.8,335.0,323.2,341.6,332.8,335.0,323.2,341.6,0.0,460014,460014,328.8,327.8,0,323.2,341.6,0.0,0.0,0.0,174756347904,0.32294,0,0.0,0,712.282,0.4616149,1672444800,1703980800,1688083200,6893000192,-299.205,1.546,38.646,0.2526338,0,10800000,81236000768,359.212,4521999872,183862001664,113017004032,115.742,500.341,0.335,0.35919997,0.040009998,-0.04874,328.8,320.432
AFLT.ME,0,86400,2,27.78,28.0,27.42,28.06,27.78,28.0,27.42,28.06,0.0,4481920,4481920,28.0,27.6,108411420672,27.42,29.56,0.17708671,29.56,29.56,725325512704,-0.014479999,3927950080,0.7377,3927950080,-21.778,0.0,1703980800,1735603200,1703980800,-8862000128,-14.2,1.185,3.661,0.2526338,1267597800,10800000,117125996544,29.819,198132006912,747250974720,612193992704,0.0,155.854,0.725,0.20156999,0.32364,0.6794,27.6,27.980899999999966
GAZP.ME,0,86400,2,197.92,200.0,196.57,201.87,197.92,200.0,196.57,201.87,2.2370353,28893760,28893760,199.95,195.0,4681709912064,196.57,266.68,0.532185,266.68,266.68,10965598863360,-0.11274,23644999680,0.0,23644999680,653.452,0.30300617,1672444800,1703980800,1688083200,-1009281990656,88.51,1.246,5.341,0.2526338,1267597800,10800000,701363978240,29.662,2053273026560,6268254158848,8797146841088,37.087,493.738,-0.289,0.6689,0.2334,0.13289,198.0,199.21649999999997
SBER.ME,0,86400,2,133.09,133.15,130.9,133.98,133.09,133.15,130.9,133.98,2.6448412,27635050,27635050,134.18,132.0,2868269547520,125.6,133.98,0.9370368,125.6,125.6,8871419576320,0.49389,21517400064,0.0,21517400064,300.654,0.44336683,1703980800,1735603200,1703980800,1511766097920,50.4,2.898,0.0,0.2526338,1321853400,10800000,2386599870464,111.523,0,8404999864320,3060999913472,0.0,143.037,0.0,0.0,0.0,0.64334,133.3,131.4104999999999
AFKS.ME,0,86400,2,15.051,15.0,14.83,15.147,15.051,15.0,14.83,15.147,8.311603,12094300,12094300,15.011,15.044,141715243008,13.35,15.147,0.15527783,13.35,13.35,1164654280704,0.021259999,9420050432,0.65287,9420050432,11.166,1.3473042,1672444800,1703980800,1672444800,16108999680,1.81,1.276,5.693,0.2526338,1321853400,10800000,306303991808,32.516,204592005120,1246895013888,912655974400,664.901,97.279,0.128,0.50112,0.22417,0.1312,15.044,14.534210000000016
IRAO.ME,0,86400,4,3.4195,3.4195,3.3605,3.47,3.4195,3.4195,3.3605,3.47,2.6146154,62235200,62235200,3.4305,3.3735,249964494848,2.845,3.47,0.1838246,2.845,2.845,-164102488064,0.09789,73540599808,0.0,73540599808,12.402,0.27406868,1703980800,1735603200,1703980800,133111996416,1.3,-0.121,-1.027,0.2526338,1321853400,10800000,537174016000,7.304,159715000320,105753001984,1359798992896,11.379,18.491,0.105,0.23851,0.11745,0.102469996,3.399,3.395732999999999
POSI.ME,1585,86400,2,864.0,855.2,850.0,883.0,864.0,855.2,850.0,883.0,0.0,44514,44514,867.2,869.6,0,850.0,883.0,0.0,0.0,0.0,60271792128,0.27583,0,0.0,0,71.268,12.20183,1672444800,1703980800,1696032000,4173225984,0.0,3.984,13.019,0.2526338,0,10800000,1382369024,20.945,4629412864,4260560896,15129789440,90.58,229.239,0.048,0.94707,0.30598,0.19758,869.6,871.0200000000004
TCSG.ME,64857,86400,2,2031.0,2053.0,1957.0,2053.0,2031.0,2053.0,1957.0,2053.0,6.3925056,115447,115447,2013.5,2011.0,401200939008,1957.0,2236.5,1.6404072,2236.5,2236.5,-20987832320,0.28827998,199304992,0.0,199304992,1310.451,1.5361123,1672444800,1703980800,1696032000,70507003904,314.9,-0.086,0.0,0.2526338,1572330600,10800000,510821007360,2570.783,0,89753001984,244573995008,0.0,1229.274,0.895,0.0,0.0,0.41286,2013.0,1810.033
OZON.ME,0,86400,2,1019.0,1025.0,951.5,1033.5,1019.0,1025.0,951.5,1033.5,0.0,570042,570042,1007.0,1005.5,0,951.5,1033.5,0.0,0.0,0.0,0,0.0,0,0.0,0,0.0,0.0,0,0,0,0,0.0,0.0,0.0,0.0,0,10800000,0,0.0,0,0,0,0.0,0.0,0.0,0.0,0.0,0.0,1006.0,965.5139999999999
RBCM.ME,0,86400,4,2.766,2.778,2.726,2.792,2.766,2.778,2.726,2.792,0.0,42800,42800,2.77,2.786,971311616,2.722,2.792,0.14645833,2.722,2.722,15511611392,-0.01312,350654016,0.72190005,350654016,-36.657,0.0,1609372800,1640908800,1625011200,-87000000,-0.24,2.339,10.495,0.2526338,1295418600,10800000,1892000000,5.396,1478000000,15888000000,6632000000,0.0,18.913,0.251,0.50286,0.22286,0.15664,2.77,2.942485000000001
RKKE.ME,0,86400,2,5840.0,5820.0,5720.0,5830.0,5840.0,5820.0,5720.0,5830.0,0.0,80,80,5810.0,5850.0,10711025664,5720.0,6370.0,0.2680624,6370.0,6370.0,14981474304,-0.046630003,1807400,0.30411,1843550,-3499.901,0.0,1609372800,1640908800,1625011200,-2179662080,-1954.32,0.375,10.062,0.2526338,1267511400,10800000,14096803840,9254.177,1488854016,20037476352,39957209088,0.0,30966.973,-0.096,0.20184,0.03726,-0.0088599995,5810.0,5700.585
SNGS.ME,100628,86400,2,26.135,26.18,25.42,26.28,26.135,26.18,25.42,26.28,2.2903085,10134200,10134200,25.795,25.49,928697417728,23.695,26.28,0.39805496,23.695,23.695,890513326080,0.026029998,35726000128,0.0,35726000128,184.927,0.14056899,1672444800,1703980800,1688083200,60729544704,11.35,0.382,1.288,0.2526338,1267597800,10800000,38604001280,1.081,691483246592,0,2333088415744,0.0,60.7,0.0,0.29108,0.29638,0.25749,25.995,25.935949999999956
YNDX.ME,26361,86400,2,1711.0,1729.0,1685.4,1739.4,1711.0,1729.0,1685.4,1739.4,0.0,262131,262131,1720.0,1715.4,555294392320,1685.4,1739.4,0.69400954,1705.0,1705.0,714102800384,0.02483,325876992,0.022330001,325784000,819.614,2.0790274,1703980800,1735603200,1703980800,19869999104,-71.61,0.892,10.268,0.2526338,1401859800,10800000,96518995968,267.009,69548998656,194640003072,800125026304,65.692,2157.603,0.515,0.55003,0.08692,0.011670001,1704.0,1566.263
MOEX.ME,2586,86400,2,85.31,85.5,85.07,85.75,85.31,85.5,85.07,85.75,6.898785,1575930,1575930,85.26,84.52,192603111424,85.07,90.14,1.7824594,90.14,90.14,-269123436544,0.56247,2260600064,0.21781,2257570048,98.666,0.8635193,1703980800,1735603200,1703980800,60777201664,12.35,-2.491,-3.229,0.2526338,1360906200,10800000,461821214720,204.284,83340001280,38600000,108054700032,0.017,47.834,0.536,1.0,0.77128,0.73190004,85.2,83.42439999999993
LSRG.ME,0,86400,2,551.0,551.0,538.0,551.0,551.0,551.0,538.0,551.0,3.617359,57972,57972,547.0,547.0,54789906432,499.2,551.0,0.23196699,499.2,499.2,232804925440,0.12001,99981104,0.61162996,100201000,1151.487,0.4748642,1703980800,1735603200,1703980800,28344999936,151.16,0.986,3.498,0.2526338,1267597800,10800000,56187998208,545.355,66546999296,232619999232,236197003264,196.016,2566.427,1.172,0.4018,0.28174,0.30443,546.8,535.4140000000007
GCHE.ME,0,86400,2,2649.0,2649.0,2641.0,2674.5,2649.0,2649.0,2641.0,2674.5,6.4398174,2508,2508,2653.0,2658.5,111909412864,2641.0,2931.5,0.64741784,2931.5,2931.5,206733443072,0.05975,42222000,0.0,42222000,2128.297,1.2453618,1640908800,1672444800,1656547200,10328000512,411.58,1.196,6.964,0.2526338,1267597800,10800000,3888000000,92.085,29685999616,98261000192,172855001088,108.802,4156.909,0.091,0.24418,0.17174,0.083179995,2650.5,2826.0240000000003
NLMK.ME,0,86400,2,138.38,138.2,135.6,138.2,138.38,138.2,135.6,138.2,2.6265702,945840,945840,139.06,136.66,827065696256,135.6,161.62,51.066048,161.62,161.62,806758973440,0.31094,5993229824,0.0,5993229824,1228.919,0.11229382,1640908800,1672444800,1688083200,5036000256,52.54,49.812,111.339,0.2526338,1267597800,10800000,161337999360,26.921,7246000128,138452992000,16195999744,18.733,27.024,0.0,0.51877,0.44739,0.29096,138.0,142.208
SIBN.ME,0,86400,2,387.95,388.0,385.0,391.75,387.95,388.0,385.0,391.75,3.6572337,248299,248299,389.3,385.9,1841435377664,385.0,418.0,0.52314115,418.0,418.0,2146742435840,0.18214001,4718000128,0.0,4718000128,634.534,0.61509705,1703980800,1735603200,1703980800,641109983232,106.72,0.61,1.977,0.2526338,1267597800,10800000,592595976192,125.603,1085624025088,897902968832,3519959007232,29.993,746.07,0.234,0.87868,0.30842,0.16832,390.3,394.2720000000001
OKEY.ME,21000,86400,2,18.62,18.84,18.65,19.94,18.62,18.84,18.65,19.94,24.650259,234800,234800,19.03,19.15,0,18.65,19.94,0.0,0.0,0.0,73107816448,-0.01625,0,0.0,0,40.603,0.46868458,1672444800,1703980800,1688083200,-3311867904,0.772,0.359,7.202,0.2526338,0,10800000,5920819200,22.004,10151221248,73908150272,203845124096,676.494,757.58,0.017,0.22331,0.0498,0.0075199995,19.03,18.733829999999987
TATN.ME,0,86400,2,407.9,407.0,400.3,407.0,407.9,407.0,400.3,407.0,5.4522476,453564,453564,415.1,399.0,916520042496,400.3,407.0,0.7272745,404.0,404.0,829555539968,0.23211999,2103049984,0.29069,2235960064,525.018,0.78073514,1672444800,1703980800,1688083200,291901997056,75.18,0.658,2.163,0.2526338,1321853400,10800000,141330006016,62.798,383474991104,39772000256,1260212060160,3.342,559.845,-0.211,0.66831,0.30429,0.26073998,409.9,405.9090000000006
VSMO.ME,0,86400,2,57820.0,57820.0,56800.0,58300.0,57820.0,57820.0,56800.0,58300.0,48.208008,299,299,57180.0,57180.0,658336186368,56800.0,58300.0,7.9263697,57300.0,57300.0,699837775872,0.16422,11513400,0.0,11513400,18257.395,3.1318817,1609372800,1640908800,1625011200,13639482368,1186.11,8.426,21.324,0.2526338,1267597800,10800000,45730025472,3979.735,32818741248,88551489536,83056459776,42.214,7218.422,-0.127,0.37756002,0.39514,0.21479,57180.0,12578.23
ALRS.ME,0,86400,2,65.35,65.5,64.95,66.35,65.35,65.5,64.95,66.35,5.3005548,4639620,4639620,67.51,66.15,482092843008,64.95,77.28,1.7792293,77.28,77.28,518235586560,0.31415,7212640256,0.0,7212640256,52.942,1.2625136,1703980800,1735603200,1703980800,85121998848,12.61,1.913,3.925,0.2526338,1322544600,10800000,99268001792,13.763,132039000064,135406002176,270956003328,35.46,37.567,0.226,0.53783,0.48731,0.29797,66.84,68.08600000000007
SNGSP.ME,100628,86400,2,36.08,36.2,35.515,36.2,36.08,36.2,35.515,36.2,3.1647131,8423700,8423700,36.195,35.91,1634440052736,34.99,36.2,0.7005478,34.99,34.99,1244730097664,0.026029998,7702000128,0.0,45514899456,184.927,0.19418474,1672444800,1703980800,1688083200,60729544704,11.347,0.534,1.8,0.2526338,1267597800,10800000,38604001280,1.081,691483246592,0,2333088415744,0.0,60.7,0.0,0.29108,0.29638,0.25749,35.91,35.70539999999996
GLTR.ME,1803,86400,2,299.2,301.75,293.0,303.9,299.2,301.75,293.0,303.9,4.051451,105198,105198,294.5,294.5,0,293.0,303.9,0.0,0.0,0.0,45184471040,0.34983003,0,0.49631,0,460.63,0.6393418,1672444800,1703980800,1688083200,34294718464,72.69,0.461,1.012,0.2526338,0,10800000,30950934528,173.571,44665176064,23620675584,98031165440,28.757,549.715,0.073,0.42833,0.45562,0.3773,294.5,295.73549999999994
SMLT.ME,5550,86400,2,2650.0,2678.0,2610.0,2709.0,2650.0,2678.0,2610.0,2709.0,25.40272,24220,24220,2695.0,2703.5,0,2610.0,2709.0,0.0,0.0,0.0,457872015360,0.06967,0,0.31053,0,343.235,7.8517637,1672444800,1703980800,1688083200,14449999872,106.091,2.208,9.995,0.2526338,0,10800000,14330000384,240.246,45809000448,299446992896,207415001088,921.971,3395.198,0.532,0.31254998,0.22086,0.2315,2695.0,2539.077
MGNT.ME,0,86400,2,4420.0,4420.0,4359.0,4448.0,4420.0,4420.0,4359.0,4448.0,9.077895,75534,75534,4427.0,4392.0,435439271936,4359.0,4885.0,0.17808017,4885.0,4885.0,1011168182272,0.0133299995,98094000,0.52165,98094000,2450.684,1.811331,1672444800,1703980800,1688083200,32605861888,488.99,0.414,5.213,0.2526338,1267597800,10800000,299454169088,3052.727,193957478400,875183079424,2445186695168,364.057,24926.848,0.075,0.22211,0.07932,0.0657,4439.0,3826.975
FESH.ME,0,86400,2,30.41,30.58,30.27,30.77,30.41,30.58,30.27,30.77,2.4129746,696400,696400,30.57,30.37,90013122560,30.27,33.3,0.5294049,33.3,33.3,113647124480,0.3252,2951249920,0.5,2951249920,42.798,0.7126501,1672444800,1703980800,1688083200,55293001728,12.64,0.668,1.729,0.2526338,1267597800,10800000,18435999744,6.247,65742999552,38683000832,170027008000,29.826,57.612,0.088,0.52676,0.38666,0.31871998,30.5,30.424199999999995
RTKM.ME,0,86400,2,65.49,65.49,64.6,66.62,65.49,65.49,64.6,66.62,7.921429,851280,851280,66.68,66.35,223326208000,59.01,66.62,0.38498414,59.01,59.01,769885011968,0.04921,3206579968,0.0,3356270080,55.936,1.1895738,1640908800,1672444800,1640908800,28548999168,8.4,1.327,4.771,0.2526338,1267597800,10800000,61789999104,18.436,161359003648,568732024832,580091969536,250.1,172.686,0.033,0.55136,0.27816,0.042129997,66.54,65.17450000000002
FLOT.ME,0,86400,2,39.3,39.32,39.05,39.46,39.3,39.32,39.05,39.46,33.025208,281730,281730,39.3,39.3,91593359360,39.05,43.75,39.540245,43.75,43.75,92107325440,0.39497003,2330619904,0.0,2330619904,2.089,18.812828,1703980800,1735603200,1703980800,914929024,1.19,39.762,58.506,0.2526338,1602052200,10800000,1251254016,0.536,1574321024,1511207936,2316459008,30.17,0.993,0.13,0.72246003,0.67961997,0.41869,39.3,38.271900000000045
TRNFP.ME,0,86400,2,123400.0,123400.0,122500.0,123950.0,123400.0,123400.0,122500.0,123950.0,5.094022,351,351,123650.0,123650.0,19226091847680,111500.0,123950.0,18.278967,111500.0,111500.0,107938504704,0.16731001,155488000,0.0,7249340,13537.935,9.1335945,1609372800,1640908800,1696032000,175976005632,24273.55,0.103,0.238,0.2526338,1267597800,10800000,537972015104,3337.669,453390991360,386409988096,1051814985728,14.251,5971.139,0.171,0.49498,0.43106,0.18982,123650.0,13166.45
FIXP.ME,0,86400,2,305.1,307.0,301.0,320.0,305.1,307.0,301.0,320.0,12.617231,123874,123874,317.7,317.0,0,301.0,320.0,0.0,0.0,0.0,260855365632,0.12234,0,0.72039,0,76.889,4.129329,1703980800,1735603200,1703980800,35706998784,25.164,0.894,5.841,0.2526338,0,10800000,37342998528,43.957,44659998720,28472999936,291865001984,43.591,343.561,0.078,0.33613998,0.15302,0.18096,317.5,309.90899999999993
SELG.ME,3914,86400,2,40.08,40.67,39.52,40.67,40.08,40.67,39.52,40.67,3.3725817,519350,519350,40.11,40.1,41302999040,39.52,48.91,0.8308851,48.91,48.91,92283682816,-0.26442,1030000000,0.7521,1030000000,27.774,1.4437963,1672444800,1703980800,1696032000,-13144281088,11.89,1.856,6.244,0.2526338,1317360600,10800000,9594083328,9.315,14779723776,59146612736,49709637632,196.924,48.258,0.773,0.37318,0.29732,0.25402,40.1,38.02659999999996
BANEP.ME,0,86400,2,850.0,765.0,716.0,765.0,850.0,765.0,716.0,765.0,1.5098414,481172,481172,746.5,736.5,163210428416,716.0,765.0,0.15818137,747.0,747.0,0,0.17194,25380600,0.0,220256992,4898.739,0.15126343,1703980800,1735603200,1703980800,177408999424,490.78,0.0,0.0,0.2526338,1321594200,10800000,0,0.0,243582992384,0,1031793016832,0.0,6076.584,0.0,0.88313,0.23607999,0.1126,741.0,777.488
HHRU.ME,0,86400,2,888.0,903.0,900.0,937.0,888.0,903.0,900.0,937.0,9.52019,1457,1457,924.0,924.0,0,900.0,937.0,0.0,0.0,0.0,0,0.0,0,0.0,0,0.0,0.0,0,0,0,0,0.0,0.0,0.0,0.0,0,10800000,0,0.0,0,0,0,0.0,0.0,0.0,0.0,0.0,0.0,927.0,913.19
TATNP.ME,0,86400,2,365.3,365.3,357.9,368.9,365.3,365.3,357.9,368.9,4.8144207,132929,132929,363.0,359.3,898116288512,357.9,368.9,0.71267074,364.0,364.0,721528553472,0.23211999,147508000,0.0,2481669888,525.018,0.68930966,1672444800,1703980800,1688083200,291901997056,75.17,0.573,1.882,0.2526338,1198823400,10800000,141330006016,62.798,383474991104,39772000256,1260212060160,3.342,559.845,-0.211,0.66831,0.30429,0.26073998,361.9,368.7840000000002
TRMK.ME,0,86400,2,59.42,59.84,58.98,62.12,59.42,59.84,58.98,62.12,9.04,384200,384200,61.04,60.96,63041593344,58.98,62.12,0.11347784,61.0,61.0,327198932992,0.054429997,1033129984,0.0,1033129984,84.324,0.7236374,1640908800,1672444800,1688083200,30237999104,6.75,0.589,3.664,0.2526338,1267597800,10800000,48073998336,46.532,89300000768,309702983680,555541004288,345.473,537.992,-0.073,0.23053,0.16073999,0.20872,61.02,61.476800000000104
UWGN.ME,0,86400,2,65.5,0.0,0.0,0.0,65.5,0.0,0.0,0.0,0.0,1,1,0.0,0.0,217941753856,0.0,76.8,4.509264,76.8,76.8,70418644992,-0.22084999,2905890048,0.936,116000000,-388.925,0.0,1672444800,1703980800,1688083200,-10803000320,-105.0,1.457,-145.794,0.2526338,1430375400,10800000,7090999808,61.131,-483000000,72022999040,48332001280,0.0,416.667,0.235,0.0234,-0.00999,-0.01668,75.0,120.65835049999998
FEES.ME,0,86400,4,0.0905,0.09082,0.08942,0.0914,0.0905,0.09082,0.08942,0.0914,1.7928,381860000,381860000,0.0897,0.08898,113030660096,0.08942,0.10482,0.45790878,0.10482,0.10482,294286491648,0.22529,1260940034048,0.75,1260940034048,0.778,0.115218505,1609372800,1640908800,1632960000,55609999360,0.05,1.192,2.404,0.2526338,1267597800,10800000,63431999488,0.05,122413998080,244524007424,246840999936,24.928,0.196,0.022,0.75044996,0.49592,0.34508,0.08964,0.21019509999999986
SGZH.ME,0,86400,2,8.181,8.181,8.1,8.275,8.181,8.181,8.1,8.275,7.7022686,10116200,10116200,8.2,8.149,0,8.1,8.275,0.0,0.0,0.0,268904808448,-0.13074,0,0.61572,0,1.86,4.3811827,1672444800,1703980800,1696032000,-10689000448,1.058,2.966,31.21,0.2526338,0,10800000,7440000000,0.474,8615999488,148454998016,90668998656,508.147,5.779,0.09,0.2215,0.09503,-0.01881,8.149,8.16684
PIKK.ME,0,86400,2,756.9,759.9,742.0,759.9,756.9,759.9,742.0,759.9,3.6425753,168681,168681,757.6,756.0,510638129152,572.2,759.9,1.0468057,572.2,572.2,1113182437376,0.21083,660497024,0.32490003,674555008,529.714,1.4290731,1640908800,1672444800,1688083200,102845997056,207.82,2.282,11.999,0.2526338,1267597800,10800000,92292997120,139.824,92774998016,701984997376,487806009344,198.6,739.942,0.0,0.2331,0.19018999,0.19518,757.0,766.4540000000001
PHOR.ME,0,86400,2,7920.0,7919.0,7825.0,7940.0,7920.0,7919.0,7825.0,7940.0,7.910411,26989,26989,7932.0,7925.0,1026805530624,7825.0,7940.0,2.3390234,7930.0,7930.0,1254704545792,0.17295,129500000,0.64285004,129500000,1234.857,6.420986,1672444800,1703980800,1696032000,75922997248,1002.35,2.858,7.17,0.2526338,1310967000,10800000,36423999488,281.266,174994997248,264277000192,438988996608,165.214,3389.876,-0.055,0.46060002,0.39863,0.34521,7929.0,6836.644
MTSS.ME,0,86400,2,273.0,273.0,269.7,274.9,273.0,273.0,269.7,274.9,8.8383665,4274780,4274780,276.0,270.0,465161781248,243.15,274.9,0.76760507,243.15,243.15,866990161920,0.09002,1691190016,0.58651,1691190016,-3.017,0.0,1703980800,1735603200,1703980800,51652001792,31.12,1.431,3.754,0.2526338,1321853400,10800000,292168007680,172.903,230933004288,687567011840,605991010304,39974.824,358.879,0.164,0.64418,0.38108003,0.17442,275.05,276.71199999999965
RASP.ME,0,86400,2,279.3,279.3,279.05,302.0,279.3,279.3,279.05,302.0,3.6315918,1902880,1902880,297.65,297.4,198055870464,279.05,377.5,89.61805,377.5,377.5,197760843776,0.1991,665734016,0.9324,665734016,3.377,88.09594,1703980800,1735603200,1703980800,440000000,81.92,89.485,289.972,0.2526338,1267597800,10800000,333000000,0.5,682000000,28000000,2209999872,1.24,3.32,-0.145,0.55385,0.3086,0.16565001,297.5,300.5455
ENPG.ME,0,86400,2,485.5,485.5,476.0,492.0,485.5,485.5,476.0,492.0,1.8207388,57816,57816,487.0,485.5,243885096960,476.0,655.0,16.64972,655.0,655.0,323490152448,0.040689997,502337984,0.4555,502337984,10.834,44.81263,1703980800,1735603200,1703980800,596000000,266.65,22.084,149.972,0.2526338,1582180200,10800000,2444000000,3.826,2156999936,11112999936,14648000512,95.959,29.16,-0.105,0.22406,0.14726,0.10102,485.5,503.31000000000006
ETLN.ME,5843,86400,2,60.8,62.9,59.84,62.9,60.8,62.9,59.84,62.9,7.10128,59023,59023,61.0,60.92,23390144512,59.84,62.9,0.29025432,62.86,62.86,109217923072,-0.01035,383444992,0.0,383444992,188.157,0.32419735,1672444800,1703980800,1688083200,-834000000,8.59,1.355,8.722,0.2526338,1580711400,10800000,25706999808,67.043,12522000384,111534997504,80584998912,154.594,210.162,0.001,0.33933,0.15539,0.115839995,61.0,65.65010000000007
MSNG.ME,8654,86400,4,2.1145,1.9035,1.795,1.997,2.1145,1.9035,1.795,1.997,27.6,39231000,39231000,1.932,1.932,76795838464,1.75,1.997,0.34301007,1.75,1.75,80714760192,0.02938,39749398528,0.80296,39749398528,9.953,0.19411233,1640908800,1672444800,1696032000,6576999936,0.07,0.361,2.001,0.2526338,1267597800,10800000,130000000,0.003,40336998400,4048999936,223887998976,1.023,5.633,0.081,0.26766002,0.18017,-0.16784,1.932,1.6839319999999989
BANE.ME,0,86400,2,1145.0,1030.5,1017.5,1059.0,1145.0,1030.5,1017.5,1059.0,2.1220458,53030,53030,1042.0,1041.0,169999876096,1008.0,1059.0,0.1647616,1008.0,1008.0,0,0.17194,144418000,0.0,163226000,4898.739,0.21260574,1703980800,1735603200,1703980800,177408999424,490.8,0.0,0.0,0.2526338,1321594200,10800000,0,0.0,243582992384,0,1031793016832,0.0,6076.584,0.0,0.88313,0.23607999,0.1126,1041.5,997.2489999999998
MVID.ME,0,86400,2,200.5,200.0,196.6,203.9,200.5,200.0,196.6,203.9,15.153789,473979,473979,202.3,202.0,36032761856,196.6,221.0,0.08295026,221.0,221.0,170590863360,-0.0152199995,178380000,0.75374,178380000,-1.306,0.0,1703980800,1735603200,1703980800,-6613000192,13.33,0.393,8.444,0.2526338,1267597800,10800000,18662000640,104.619,20202999808,153220005888,434390007808,0.0,2435.195,0.39,0.21035999,0.04651,0.04833,202.0,193.98899999999998
DVEC.ME,0,86400,4,0.877,0.878,0.86,0.899,0.877,0.878,0.86,0.899,8.64,2622000,2622000,0.861,0.869,14866589696,0.86,1.049,0.11792423,1.049,1.049,22287771648,0.02152,17206700032,0.9347,17206700032,1.357,0.6366986,1672444800,1703980800,1640908800,2712999936,0.1,0.177,2.881,0.2526338,1267597800,10800000,6970999808,0.405,7736000000,14460999680,126068998144,71.735,7.327,0.124,0.25669,0.06136,0.03291,0.864,0.8350664999999998
SBERP.ME,0,86400,2,126.2,126.65,124.44,126.99,126.2,126.65,124.44,126.99,2.5099206,2935810,2935810,126.44,125.21,2721950990336,122.81,126.99,0.8892359,122.81,122.81,8725899771904,0.49389,960800000,0.0,21517400064,300.654,0.42074946,1703980800,1735603200,1703980800,1511766097920,50.4,2.851,0.0,0.2526338,1321853400,10800000,2386599870464,111.523,0,8404999864320,3060999913472,0.0,143.037,0.0,0.0,0.0,0.64334,126.5,126.47400000000002
IRKT.ME,20660,86400,2,54.34,55.0,48.92,62.88,54.34,55.0,48.92,62.88,0.0,18079100,18079100,55.02,54.7,605364879360,26.02,62.88,2.8865585,26.02,26.02,442563559424,0.027379999,11066999808,0.0,11066999808,-0.568,0.0,1640908800,1672444800,1640908800,5743063040,-36.79,2.11,14.948,0.2526338,1267597800,10800000,48712278016,7.837,29606615040,152467570688,209718558720,0.0,52.006,0.611,0.30609,0.14117,0.15257,54.7,54.06539999999993
AGRO.ME,23116,86400,2,860.0,862.6,769.4,870.0,860.0,862.6,769.4,870.0,3.0329354,129878,129878,839.0,836.0,112736985088,769.4,969.8,0.40651092,969.8,969.8,143141552128,0.16768,134531008,0.0,134531008,1495.518,0.560341,1703980800,1735603200,1703980800,46501167104,276.3,0.516,2.589,0.2526338,1475821800,10800000,28225632256,1049.036,55289507840,132956364800,277328297984,61.254,2061.44,0.703,0.25979,0.19936001,0.16317,838.0,831.2440000000003
ROLO.ME,0,86400,2,6.705,6.83,6.64,6.83,6.705,6.83,6.64,6.83,74.888885,101700,101700,6.73,6.74,202206740480,6.64,8.11,33.71624,8.11,8.11,29148921856,-0.046279997,30001000448,0.94879997,30001000448,0.153,44.052288,1672444800,1703980800,1672444800,-277575008,0.09,4.86,33.721,0.2526338,1376371800,10800000,195231008,0.007,864401984,7310208000,5997309952,113.943,0.2,-0.355,0.27413,0.14413,-0.61617,6.74,6.6110750000000005
BELU.ME,0,86400,2,2409.0,2410.0,2370.0,2560.0,2409.0,2410.0,2370.0,2560.0,8.530228,35890,35890,2522.0,2517.0,32762519552,2370.0,2560.0,0.28028983,2560.0,2560.0,62585081856,0.06869,13001000,0.676,13001000,2196.01,1.1475358,1703980800,1735603200,1703980800,8029000192,295.42,0.535,3.98,0.2526338,1267597800,10800000,3423000064,285.75,15724999680,35529998336,116888002560,133.586,10004.964,0.248,0.37018,0.13453001,0.12687999,2520.0,2487.094
APTK.ME,0,86400,2,12.5,12.578,12.442,12.578,12.5,12.578,12.442,12.578,0.0,63610,63610,12.496,12.496,95349858304,12.442,12.578,1.5799217,12.47,12.47,127706865664,-0.0027700001,7630430208,0.1728,7630430208,-0.873,0.0,1672444800,1703980800,1688083200,-167000000,-0.01,2.116,22.547,0.2526338,1321853400,10800000,521000000,0.068,5664000000,33152000000,60351000576,0.0,7.91,0.045,0.33231997,0.09385,0.08141,12.496,12.00886
UPRO.ME,0,86400,4,1.47,1.479,1.46,1.479,1.47,1.479,1.46,1.479,11.3,25105000,25105000,1.475,1.471,92618539008,1.379,1.479,0.7807217,1.379,1.379,43272900608,0.18581,63048699904,0.83732,63048699904,2.419,0.6072757,1703980800,1735603200,1703980800,22042855424,0.13,0.365,0.987,0.2526338,1321853400,10800000,50136997888,0.795,43862425600,791348992,118631948288,0.519,1.882,0.07,0.50105,0.36973998,0.28328,1.469,1.3419799999999982
UNAC.ME,0,86400,4,0.6305,0.63,0.617,0.64,0.6305,0.63,0.617,0.64,0.0,7939000,7939000,0.6325,0.63,337084547072,0.617,0.64,0.746565,0.622,0.622,820857339904,-0.07143,532939997184,0.0,532939997184,0.205,3.0853658,1640908800,1672444800,1688083200,-32252999680,-0.03,1.818,871.707,0.2526338,1379395800,10800000,261569003520,0.499,941666496,747824021504,451514007552,677.776,0.866,0.595,0.2615,0.00209,-0.02549,0.6325,0.6577397000000001
OGKB.ME,0,86400,4,0.67,0.603,0.5621,0.603,0.67,0.603,0.5621,0.603,11.726,597252000,597252000,0.59,0.5866,64751558656,0.4648,0.603,0.4560547,0.4648,0.4648,84938653696,0.04908,110440996864,0.0,110440996864,1.397,0.41968507,1640908800,1672444800,1696032000,6968000000,0.05,0.598,2.067,0.2526338,1321853400,10800000,12000000,0.0,41099001856,20199000064,141982007296,13.094,1.286,0.138,0.43716,0.28947002,0.12693,0.5863,0.6190413000000007
MTLRP.ME,0,86400,2,139.4,141.0,138.5,143.85,139.4,141.0,138.5,143.85,0.71590054,347360,347360,142.5,142.5,53899771904,138.5,186.9,0.132796,186.9,186.9,325945589760,0.05499,83963296,0.0,378244000,-192.956,0.0,1703980800,1735603200,1703980800,22321000448,199.05,0.803,4.023,0.2526338,1303363800,10800000,7226999808,17.854,81022001152,257872003072,405884010496,0.0,1002.737,0.142,0.38322,0.19962,0.18281999,142.5,145.21950000000004
BSPB.ME,0,86400,2,70.24,71.61,69.52,71.61,70.24,71.61,69.52,71.61,2.0937126,45580,45580,69.89,70.13,33255489536,65.56,71.61,0.9156391,65.56,65.56,-8066575360,0.43734002,461880000,0.0,475553984,186.131,0.37570316,1609372800,1640908800,1696032000,15879635968,33.4,-0.222,0.0,0.2526338,1267597800,10800000,171605999616,360.855,0,130341003264,36319428608,0.0,73.276,0.0,0.0,0.0,0.63949,69.93,70.80600000000007
AQUA.ME,0,86400,2,505.0,505.0,498.0,525.0,505.0,505.0,498.0,525.0,8.080729,33934,33934,514.5,514.5,45212512256,427.0,525.0,1.5875059,427.0,427.0,58564157440,0.54323,87876600,0.63485,87876600,456.13,1.1279678,1703980800,1735603200,1703980800,15471194112,63.67,2.056,3.169,0.2526338,1271741400,10800000,967089984,11.111,18482667520,14749187072,28480217088,37.15,329.709,0.694,0.70954,0.64897,0.5185,514.5,511.49100000000004
POLY.ME,15562,86400,2,364.0,365.0,357.7,373.5,364.0,365.0,357.7,373.5,0.0,862722,862722,363.6,362.8,172122587136,357.7,627.0,56.90003,627.0,627.0,174573649920,0.17455,473644992,0.27969998,473625984,4.757,76.392685,1703980800,1735603200,1703980800,528000000,0.0,57.71,122.766,0.2526338,1371706200,10800000,844000000,1.782,1422000000,3295000064,3024999936,146.249,6.387,-0.025,0.56959,0.47008,0.44444,363.4,375.4020000000005
LENT.ME,0,86400,2,686.0,682.5,679.5,696.5,686.0,682.5,679.5,696.5,29.535501,2637,2637,688.5,689.5,55311622144,679.5,878.5,0.10218337,878.5,878.5,0,-0.00587,0,0.0,80394800,1.099,626.0237,1672444800,1703980800,1696032000,-3177571072,23.294,0.0,0.0,0.2526338,1639463400,10800000,29856735232,0.0,35435139072,139785306112,541297672192,110.521,0.0,0.073,0.19827,0.06546,0.01705,688.0,712.7589999999999
HYDR.ME,0,86400,4,0.797,0.7901,0.7863,0.8025,0.797,0.7901,0.7863,0.8025,8.03,122541000,122541000,0.8066,0.8002,354030616576,0.7863,0.8025,0.6218755,0.7945,0.7945,695696293888,0.05903,440884985856,0.71709996,440934006784,1.43,0.56153846,1703980800,1735603200,1703980800,33604999168,0.1,1.222,5.455,0.2526338,1267597800,10800000,34598998016,0.078,127540002816,361394012160,569294979072,56.012,1.293,0.226,0.50999,0.22403,0.104890004,0.803,0.8190638999999992
UNKL.ME,137,86400,2,5710.0,5740.0,5630.0,5900.0,5710.0,5740.0,5630.0,5900.0,27.703653,95,95,5710.0,5710.0,3424498176,5630.0,6780.0,51.650776,6780.0,6780.0,3424267264,5.18104,599737,0.84098,599737,14586.425,0.39145988,1672444800,1703980800,1672444800,343508000,206.11,51.647,-9.625,0.2526338,1334899800,10800000,231000,0.385,-355777984,0,66301000,0.0,110.55,1.536,2.84542,0.0,-5.20091,5710.0,5766.04
SPBE.ME,0,86400,2,140.9,143.0,139.0,147.4,140.9,143.0,139.0,147.4,7.114128,428145,428145,141.0,141.0,18797426688,139.0,245.9,2.8287904,245.9,245.9,2970259968,0.0025600002,132844000,0.0,132844000,132.148,1.0707692,1640908800,1672444800,1640908800,17033000,19.89,0.447,0.963,0.2526338,1637303400,10800000,20343732224,153.14,3083923968,3962440960,6645040128,21.881,57.424,0.645,0.66714996,0.46409,0.3259,141.5,149.518
PRFN.ME,458,86400,4,1.624,1.62,1.619,1.645,1.624,1.62,1.619,1.645,7.7333336,186800,186800,0.0,0.0,1361378048,1.619,1.98,0.14449508,1.98,1.98,2603349504,0.0016699999,838286976,0.82969004,838286976,2.254,0.7204969,1672444800,1703980800,1688083200,15749000,0.21,0.276,19.659,0.2526338,1351143000,10800000,24622000,0.029,132422000,1109832960,9421622272,58.737,11.125,-0.028,0.02145,0.01406,0.01912,1.624,1.6939831999999988
KROT.ME,0,86400,2,288.5,293.0,286.5,299.0,288.5,293.0,286.5,299.0,0.0,420,420,295.0,297.0,2709968640,286.5,326.5,0.13673626,326.5,326.5,3369986816,0.04024,9217580,0.9611,9217580,975.252,0.30146053,1672444800,1703980800,1688083200,797580992,-22.66,0.17,1.842,0.2526338,1267597800,10800000,127814000,13.866,1829756032,0,19818946560,0.0,2150.124,0.199,0.14134,0.09232,0.09545,294.0,292.328
RTKMP.ME,0,86400,2,63.9,63.85,63.65,65.05,63.9,63.85,63.65,65.05,7.7142863,237480,237480,64.8,64.75,210736742400,60.9,65.05,0.3632816,60.9,60.9,764053159936,0.04921,145046000,0.0,3252110080,55.936,1.1584668,1640908800,1672444800,1640908800,28548999168,8.4,1.317,4.735,0.2526338,1267597800,10800000,61789999104,18.436,161359003648,568732024832,580091969536,250.1,172.686,0.033,0.55136,0.27816,0.042129997,64.8,64.48350000000008
RENI.ME,0,86400,2,47.44,47.63,45.81,47.63,47.44,47.63,45.81,47.63,4725.0,69710,69710,47.25,47.33,0,45.81,47.63,0.0,0.0,0.0,-108407848960,0.03392,0,0.06755,0,85.998,0.5494314,1640908800,1672444800,1688083200,3165702912,0.01,-1.024,-28.008,0.2526338,0,10800000,135285399552,252.459,3870573056,1557646976,105862438912,3.38,237.854,0.0,0.120749995,0.03656,0.09561,47.25,41.14758999999997
MSRS.ME,15799,86400,4,0.877,0.8795,0.8585,0.885,0.877,0.8795,0.8585,0.885,4.1904764,3009000,3009000,0.88,0.88,42862247936,0.8585,0.9585,0.19425955,0.9585,0.9585,90102243328,0.107559994,48707100672,0.83339995,48707100672,4.374,0.20118883,1672444800,1703980800,1696032000,23732250624,0.21,0.408,1.61,0.2526338,1267597800,10800000,5568693760,0.114,55963545600,52808699904,220644212736,24.785,4.53,0.136,0.39202,0.25364,0.19674,0.88,0.8789439999999997
GTRK.ME,14,86400,2,23.25,23.9,22.75,24.8,23.25,23.9,22.75,24.8,6.928784,81660,81660,23.35,23.35,1365090048,22.75,25.6,0.07065375,25.6,25.6,4368885248,0.0165,56259200,0.75074995,58462100,96.475,0.24203162,1672444800,1703980800,1688083200,318862016,3.37,0.226,4.451,0.2526338,1509690600,10800000,463281984,8.235,981638976,3518513920,19320842240,64.826,343.266,0.637,0.12736,0.050809998,0.03904,23.35,24.113549999999982
CBOM.ME,0,86400,4,4.936,4.936,4.859,4.995,4.936,4.936,4.859,4.995,4.3892856,53052100,53052100,4.916,4.916,163012591616,4.859,5.762,1.396732,5.762,5.762,154588479488,0.51219004,33159600128,0.55417997,33159600128,10.146,0.48452592,1703980800,1735603200,1703980800,59777998848,1.12,1.325,0.0,0.2526338,1435732200,10800000,1483263049728,43.254,0,1469272031232,116709998592,0.0,3.3,0.0,0.0,0.0,0.53801,4.916,5.041259999999998
MSTT.ME,0,86400,2,80.5,81.2,78.5,82.0,80.5,81.2,78.5,82.0,0.0,1430,1430,80.1,80.6,22633641984,76.4,82.0,0.46797025,76.4,76.4,30486722560,-0.081520006,282215008,0.0,282215008,8.826,9.086788,1609372800,1640908800,1625011200,-3969900032,-14.05,0.63,127.101,0.2526338,1288765800,10800000,241792000,0.857,239862000,8025051136,48365555712,313.407,170.849,-0.932,0.09151,0.00496,0.10714,80.2,78.9464
LIFE.ME,0,86400,4,4.09,4.205,4.2,4.9,4.09,4.205,4.2,4.9,0.0,27528600,27528600,4.505,4.46,1356054656,3.905,4.9,3.5716665,3.905,3.905,2092284416,-0.54651,301011008,0.34919998,301011008,0.402,11.206468,1672444800,1703980800,1672444800,-207494000,-2.32,5.511,-19.727,0.2526338,1290666600,10800000,9173000,0.03,-106063000,745404032,379670016,615.533,1.261,-0.207,0.22245,-0.27936,-0.41679,4.505,4.709909999999997
CIAN.ME,812,86400,2,269.6,271.6,267.0,272.6,269.6,271.6,267.0,272.6,0.0,8185,8185,270.6,270.6,0,267.0,272.6,0.0,0.0,0.0,12635684864,0.17915002,0,0.2394,0,97.441,2.777065,1672444800,1703980800,1696032000,1916000000,-36.299,1.181,5.336,0.2526338,0,10800000,6328000000,90.478,2368000000,38000000,10695000064,0.558,151.786,0.445,0.60131,0.22141,0.2656,270.6,274.1124999999997
KMAZ.ME,0,86400,2,90.9,92.0,90.2,92.0,90.9,92.0,90.2,92.0,15.821679,42210,42210,90.5,90.5,64004317184,90.2,102.5,0.23546408,102.5,102.5,152461312000,0.014889999,707230016,0.0,707230016,78.535,1.1523525,1640908800,1672444800,1640908800,4048000000,5.72,0.561,8.248,0.2526338,1267597800,10800000,23100999680,32.664,18484000768,109509001216,271821996032,190.15,384.347,0.153,0.12297,0.068,0.0414,90.5,88.65900000000002
ABRD.ME,2073,86400,2,172.5,172.5,172.0,176.5,172.5,172.5,172.0,176.5,12.662807,19490,19490,175.0,175.0,17150034944,172.0,179.0,1.6831912,179.0,179.0,27476207616,0.13661,98000200,0.91032,98000200,119.784,1.4609631,1640908800,1672444800,1688083200,1391906944,13.82,2.697,8.816,0.2526338,1334122200,10800000,648313024,6.385,3116770048,10349916160,10188999680,85.056,103.969,-0.102,0.43118,0.3059,-0.00029999999,175.0,170.77300000000002
DSKY.ME,0,86400,2,74.9,75.26,74.38,77.5,74.9,75.26,74.38,77.5,6.0940027,2125680,2125680,75.2,74.58,55292301312,73.38,77.5,0.32452723,73.38,73.38,144749166592,0.064720005,643779008,0.8272,735270016,29.307,2.56594,1640908800,1672444800,1688083200,11027000320,12.34,0.85,5.432,0.2526338,1486708200,10800000,11276999680,17.517,26645999616,107614003200,170378002432,570.382,223.5,0.055,0.30908,0.15639,0.11322,75.2,74.33869999999995
TGKBP.ME,0,86400,4,0.0052,0.0052,0.00512,0.00525,0.0052,0.0052,0.00512,0.00525,0.0,17800000,17800000,0.00522,0.00525,3298110976,0.00512,0.00615,0.06639993,0.00615,0.00615,16936297472,-0.02266,16500500480,0.0,631822024704,0.039,0.13384615,1672444800,1703980800,1688083200,-2070290944,0.0,0.341,2.724,0.2526338,1267597800,10800000,613004992,0.001,6217191936,11675499520,49670397952,27.852,0.046,0.087,0.27226,0.12517,0.13941,0.00522,0.06917809999999996
NMTP.ME,0,86400,2,5.505,5.55,5.45,5.565,5.505,5.55,5.45,5.565,6.8580246,8399900,8399900,5.575,5.53,102672515072,5.405,5.565,151.70265,5.405,5.405,103173971968,0.35304,18482900992,0.0,18482900992,0.072,77.15278,1609372800,1640908800,1632960000,238936000,0.81,152.444,249.412,0.2526338,1267597800,10800000,291904992,0.016,413668992,779964032,676801024,57.78,0.037,0.308,0.66754997,0.61121,0.50614,5.555,5.5578400000000014
BLNG.ME,0,86400,2,10.04,10.01,10.005,10.365,10.04,10.01,10.005,10.365,34.672417,104700,104700,10.02,10.08,11563250688,10.005,10.735,2110.4673,10.735,10.735,11522898944,62.04253,1150000000,0.95268995,1150000000,5.136,1.9577492,1609372800,1640908800,1625011200,339931008,0.29,2103.103,928.293,0.2526338,1321853400,10800000,101000,0.0,12413000,0,5479000,0.0,0.005,-0.01,0.87516,2.26556,1.72481,10.055,9.613039999999984
SVAV.ME,0,86400,2,172.0,172.0,171.0,177.5,172.0,172.0,171.0,177.5,2.2654755,5180,5180,177.5,178.0,5489844224,171.0,180.0,0.06769479,180.0,180.0,16247825408,0.01308,30450600,0.84462,31486000,365.397,0.485773,1640908800,1672444800,1688083200,1061000000,78.35,0.2,2.404,0.2526338,1267597800,10800000,11987000320,380.705,6759000064,13639000064,81096998912,66.493,2539.758,0.248,0.15935999,0.08334,0.082779996,177.5,171.48750000000007
MRKY.ME,0,86400,4,0.03115,0.03185,0.03095,0.03235,0.03115,0.03185,0.03095,0.03235,0.0,6190000,6190000,0.03145,0.0315,4784273920,0.03095,0.03855,0.09374597,0.03855,0.03855,24282705920,0.059070002,151640997888,0.84163004,151640997888,0.017,1.8558823,1703980800,1735603200,1703980800,3014592000,-0.02,0.476,2.944,0.2526338,1321853400,10800000,4029964032,0.027,8247221760,23528382464,51034447872,908.929,0.337,0.054,0.09494001,0.1616,-0.02252,0.03155,0.08699030000000008
TGKA.ME,0,86400,4,0.008254,0.008256,0.008152,0.008496,0.008254,0.008256,0.008152,0.008496,0.0,285632704,285632704,0.008486,0.00847,32646258688,0.00797,0.008496,0.30966628,0.00797,0.00797,63410270208,0.0596,3854339932160,0.0,3854339932160,0.037,0.22891891,1640908800,1672444800,1688083200,6282999808,0.0,0.601,2.781,0.2526338,1267597800,10800000,475000000,0.0,22804000768,17922000896,105424003072,11.418,0.027,-0.047,0.47037,0.21631001,0.03502,0.00847,0.1881741999999999
CHMK.ME,0,86400,2,3275.0,3285.0,3235.0,3480.0,3275.0,3285.0,3235.0,3480.0,0.0,911,911,3365.0,3380.0,10639995904,3235.0,3740.0,0.056044742,3740.0,3740.0,200320647168,0.13936,3161960,0.919,3161960,13183.032,0.25525236,1640908800,1672444800,1688083200,26457395200,-2306.08,1.055,24.748,0.2526338,1267597800,10800000,615644032,194.703,8094272000,190296276992,189848240128,456.518,60041.223,-0.202,0.12534,0.04264,0.116009995,3365.0,3197.9790000000003
MRKC.ME,0,86400,4,0.2458,0.246,0.2456,0.2478,0.2458,0.246,0.2456,0.2478,2.466,14105000,14105000,0.2458,0.2464,10410933248,0.2456,0.3094,0.081047885,0.3094,0.3094,48518152192,0.06136,42217897984,0.5069,42217897984,1.425,0.17305264,1703980800,1735603200,1703980800,7881733120,0.1,0.378,1.857,0.2526338,1267597800,10800000,7809828864,0.185,26122125312,45443735552,128454107136,74.935,3.043,0.096,0.1182,0.20336,0.04494,0.2466,0.31876689999999985
CNTL.ME,95,86400,2,9.26,9.28,9.24,9.36,9.26,9.28,9.24,9.36,22.634146,54900,54900,9.26,9.28,1782214656,9.24,9.36,1.3695679,9.32,9.32,1142233472,-0.00063,155915008,0.8,192048992,5.373,1.7271541,1672444800,1703980800,1696032000,-1542000,0.41,0.878,9.344,0.2526338,1267597800,10800000,336720992,2.16,122248752,32063000,1301297024,3.827,8.346,-0.016,0.04676,0.09394,-0.40627,9.28,9.125599999999988
KZOSP.ME,0,86400,2,15.97,15.87,15.81,16.37,15.97,15.87,15.81,16.37,1.5056391,137290,137290,16.02,16.06,109249355776,15.81,19.29,1.296159,19.29,19.29,22861121536,0.22573,119596000,0.0,6819559936,41.489,0.38612646,1609372800,1640908800,1625011200,18997999616,10.64,0.271,0.828,0.2526338,1330579800,10800000,6745999872,3.779,27601999872,890000000,84286996480,1.2,47.217,0.682,0.36211,0.32748002,0.35274,16.02,16.60691999999999
MRKZ.ME,0,86400,4,0.0273,0.0274,0.0272,0.0278,0.0273,0.0274,0.0272,0.0278,0.0,28200000,28200000,0.0275,0.0275,2634112256,0.0272,0.0301,0.049043387,0.0301,0.0301,14763337728,-0.01026,95785902080,0.5538,95785902080,0.177,0.15536723,1703980800,1735603200,1703980800,-1023900992,-0.01,0.275,2.068,0.2526338,1267597800,10800000,3692214016,0.039,7138699776,15821438976,53709836288,93.249,0.561,0.0,0.04243,0.13291,0.04868,0.0275,0.08137460000000006
VRSB.ME,724,86400,2,165.0,170.4,163.0,173.0,165.0,170.4,163.0,173.0,11.569446,24990,24990,166.0,168.8,10165715968,163.0,173.0,0.3104275,163.8,163.8,8354111488,0.0454,56151000,0.929,61018700,31.702,5.2551894,1672444800,1703980800,1672444800,1211716992,14.4,0.255,5.419,0.2526338,1323322200,10800000,981587008,17.481,1541678976,7142000,32747472896,0.4,583.203,0.054,0.47612,0.047080003,0.0651,166.6,165.30050000000014
LSNGP.ME,9014,86400,2,150.75,150.8,149.9,152.15,150.75,150.8,149.9,152.15,82.90056,83410,83410,150.05,150.05,77892902912,149.9,157.65,0.71565044,157.65,157.65,1287477919744,0.18274,93264096,0.0,519112992,21.44,6.9986005,1703980800,1735603200,1703980800,19889981440,1.81,11.829,21.936,0.2526338,1267597800,10800000,23528099840,2.749,58691530752,26694369280,108842106880,14.547,12.716,0.126,0.33029,0.53924,0.42110002,150.05,149.74249999999986
MRKV.ME,0,86400,4,0.03015,0.0305,0.02995,0.03065,0.03015,0.0305,0.02995,0.03065,3.01,58610000,58610000,0.0301,0.0303,5668070400,0.02995,0.03195,0.07356855,0.03195,0.03195,10584267776,0.03858,188307996672,0.79759,188307996672,0.224,0.13437499,1703980800,1735603200,1703980800,2972193024,0.01,0.137,1.077,0.2526338,1267597800,10800000,2855305984,0.015,9828710400,7733842944,77044744192,18.354,0.409,0.076,0.42216998,0.12757,0.08122,0.0301,0.04214530000000001
TTLK.ME,0,86400,4,0.4915,0.498,0.4865,0.498,0.4915,0.498,0.4865,0.498,4.1208334,2436000,2436000,0.4945,0.4955,9882978304,0.4865,0.5575,0.9309127,0.5575,0.5575,7347031552,0.23385,19985799168,0.8721,19985799168,0.541,0.9140481,1672444800,1703980800,1688083200,2482650880,0.12,0.692,1.951,0.2526338,1267597800,10800000,3738425088,0.179,3765403904,778110016,10616439808,6.902,0.509,0.057,0.45263,0.35467997,0.20781,0.4945,0.5845314000000009
TGKN.ME,0,86400,4,0.0025,0.00248,0.00248,0.0025,0.0025,0.00248,0.00248,0.0025,0.0,38000000,38000000,0.00249,0.0025,3394874880,0.00248,0.00277,0.24848366,0.00277,0.00277,5096797184,0.00014999999,1357949960192,0.93808,1357949960192,0.005,0.5,1640908800,1672444800,1656547200,2116000,0.0,0.373,4.976,0.2526338,1267597800,10800000,398039008,0.0,1024302016,2099971968,13662366720,29.925,0.01,0.078,0.49299,0.07497,0.03379,0.0025,0.09852090000000006
QIWI.ME,2118,86400,2,299.0,305.5,303.0,335.0,299.0,305.5,303.0,335.0,1.1342427,278058,278058,316.0,316.0,19817308160,303.0,360.0,0.2917313,360.0,360.0,-34074691584,0.23134,62713000,0.13967,62713000,1070.8,0.29510644,1672444800,1703980800,1696032000,15715000320,278.6,-0.502,-2.111,0.2526338,1475821800,10800000,59362000896,946.566,16140000256,4401999872,67930001408,6.453,1083.18,0.328,0.35275,0.2376,0.18656,316.0,312.5215
NSVZ.ME,0,86400,2,146.5,146.0,146.0,148.5,146.5,146.0,146.0,148.5,7.1161413,820,820,146.5,147.5,265312960,139.0,148.5,0.102848515,139.0,139.0,3909707776,0.0152900005,1811010,0.7739,1811010,200.599,0.7303127,1672444800,1703980800,1688083200,39431000,20.587,1.516,13.601,0.2526338,1323840600,10800000,62812000,4.0,287459008,1672241024,2579648000,53.092,252.857,1.409,0.33181,0.11143,0.05469,146.5,143.95400000000004
MGTSP.ME,0,86400,2,674.0,678.0,666.0,688.0,674.0,678.0,666.0,688.0,4.2135715,296,296,670.0,670.0,123183521792,666.0,786.0,2.8325863,786.0,786.0,47333863424,0.40877998,15514000,0.0,183856000,1560.895,0.4292409,1672444800,1703980800,1688083200,15098999808,159.01,1.088,2.201,0.2526338,1321853400,10800000,18966999040,237.954,21501999104,11678000128,43488002048,9.295,545.585,0.041,0.72086996,0.49444,0.37903,670.0,692.025
NKNC.ME,0,86400,2,78.85,79.45,78.6,80.1,78.85,79.45,78.6,80.1,4.5665903,31110,31110,79.55,79.8,142104150016,78.6,96.9,0.6922219,96.9,96.9,262089588736,0.15527001,1611260032,0.0,1786349952,162.107,0.4907253,1609372800,1640908800,1688083200,31874000896,17.42,1.277,5.39,0.2526338,1267597800,10800000,900000000,0.492,48628998144,117205999616,205286998016,39.479,112.164,0.0,0.27561,0.23688,0.18326001,79.55,79.10140000000007
KAZT.ME,0,86400,2,400.6,403.8,399.2,405.8,400.6,403.8,399.2,405.8,3.3712025,11660,11660,399.4,400.6,68329938944,399.2,453.2,0.6660747,453.2,453.2,60122320896,0.3628,168320000,0.27803,170568992,493.746,0.8113484,1640908800,1672444800,1688083200,37218000896,118.83,0.586,1.346,0.2526338,1323840600,10800000,27284000768,159.991,44673998848,18656999424,102585999360,22.044,578.861,-0.291,0.48699,0.43548,0.21471001,400.6,404.24699999999956
LNZLP.ME,1,86400,2,1540.0,1555.0,1535.0,1680.0,1540.0,1555.0,1535.0,1680.0,0.0,11648,11648,1540.0,1550.0,9872631808,1535.0,1905.0,0.0,1905.0,1905.0,-20910833664,0.0,347700,0.0,6369440,20205.209,0.07671289,1609372800,1640908800,1609372800,44000000,-556.07,0.0,-20.521,0.2526338,1267597800,10800000,23018000384,20185.916,1019000000,99000000,0,0.425,0.0,0.0,0.0,0.0,0.32839,1550.0,1661.404
MRKP.ME,0,86400,4,0.1784,0.1784,0.1781,0.1819,0.1784,0.1784,0.1781,0.1819,2.001111,43510000,43510000,0.1801,0.1801,20296908800,0.1781,0.2049,0.16026731,0.2049,0.2049,37731876864,0.12292,112697999360,0.5668,112697999360,0.762,0.23635168,1672444800,1703980800,1696032000,15566789632,0.09,0.298,1.177,0.2526338,1267597800,10800000,13249563648,0.118,32059967488,30684565504,126644101120,35.746,1.124,0.148,0.18929,0.25315002,0.15306,0.1801,0.1835946999999998
NKNCP.ME,0,86400,2,65.58,65.5,65.5,67.5,65.58,65.5,65.5,67.5,3.849598,146340,146340,66.84,67.06,149818064896,65.5,77.48,0.72979814,77.48,77.48,239229894656,0.15527001,218984000,0.0,2234089984,162.107,0.4136774,1609372800,1640908800,1688083200,31874000896,17.42,1.165,4.919,0.2526338,1267597800,10800000,900000000,0.492,48628998144,117205999616,205286998016,39.479,112.164,0.0,0.27561,0.23688,0.18326001,67.06,69.6617000000001
NKHP.ME,0,86400,2,305.0,303.0,300.5,311.0,305.0,303.0,300.5,311.0,8.693182,3410,3410,306.5,306.5,20684681216,300.5,323.5,2.1721683,323.5,323.5,19686162432,0.52496,67597000,0.50999,67597000,209.81,1.4584625,1672444800,1703980800,1672444800,4999024128,35.2,2.067,3.03,0.2526338,1450161000,10800000,1359012992,20.105,6496539648,360492992,9522595840,3.224,140.873,0.372,0.73226,0.68222,0.77292,306.0,303.0105
MRKU.ME,0,86400,4,0.1518,0.152,0.1504,0.153,0.1518,0.152,0.1504,0.153,2.5266669,7110000,7110000,0.1516,0.152,13254463488,0.1504,0.1796,0.1396642,0.1796,0.1796,32906235904,0.05548,87430496256,0.669,87430496256,0.607,0.2497529,1609372800,1640908800,1632960000,5265381888,0.06,0.347,2.233,0.2526338,1267597800,10800000,1991150976,0.023,14735384576,20797929472,94902370304,38.547,1.085,0.086,0.34463,0.15527001,0.094469994,0.1516,0.17752099999999982
KZOS.ME,0,86400,2,71.0,69.0,69.0,70.9,71.0,69.0,69.0,70.9,6.578947,47290,47290,70.0,70.0,127188598784,69.0,72.4,1.5089943,72.4,72.4,119221575680,0.22573,1785110016,0.0,1816979968,41.489,1.6871942,1609372800,1640908800,1625011200,18997999616,10.64,1.414,4.319,0.2526338,1323063000,10800000,6745999872,3.779,27601999872,890000000,84286996480,1.2,47.217,0.682,0.36211,0.32748002,0.35274,70.0,70.22510000000003
MRKS.ME,0,86400,4,0.266,0.2665,0.266,0.2685,0.266,0.2665,0.266,0.2685,26.85,610000,610000,0.2665,0.2685,25457881088,0.266,0.296,0.3750495,0.296,0.296,65111515136,-0.018380001,94815199232,0.96029997,94815199232,0.174,1.5431035,1672444800,1703980800,1696032000,-1247361024,0.01,0.959,8.503,0.2526338,1267597800,10800000,1385049984,0.015,7657801216,41038696448,67878723584,248.951,0.679,0.042,0.01497,0.11282,-0.105950005,0.2685,0.3738142999999999
YAKG.ME,0,86400,2,110.45,109.9,108.0,110.95,110.45,109.9,108.0,110.95,95.789474,7660,7660,109.1,109.2,90299547648,108.0,118.8,13.769373,118.8,118.8,98136596480,0.30146,826918976,0.98159,826918976,18.859,5.790339,1672444800,1703980800,1688083200,1976999936,1.14,14.964,30.345,0.2526338,1324445400,10800000,1324999936,1.602,3233999872,9162000384,6558000128,58.75,7.931,-0.037,0.69579005,0.49313998,0.44994998,109.2,114.32350000000015
CNTLP.ME,95,86400,2,7.06,7.1,6.84,7.16,7.06,7.1,6.84,7.16,16.82927,455400,455400,6.92,6.88,2031297920,6.08,7.16,1.5609795,6.08,6.08,771155712,-0.00063,55389000,0.0,294391008,5.373,1.2841988,1672444800,1703980800,1696032000,-1542000,0.41,0.593,6.308,0.2526338,1319607000,10800000,336720992,2.16,122248752,32063000,1301297024,3.827,8.346,-0.016,0.04676,0.09394,-0.40627,6.9,7.01697999999999
LNZL.ME,1,86400,2,8260.0,8260.0,8210.0,8640.0,8260.0,8260.0,8210.0,8640.0,0.0,1118,1118,8320.0,8350.0,10035085312,8210.0,10060.0,0.0,10060.0,10060.0,-13151091712,0.0,1140300,0.9479,1206140,20205.209,0.411775,1609372800,1640908800,1609372800,44000000,-556.32,0.0,-12.906,0.2526338,1267597800,10800000,23018000384,20185.916,1019000000,99000000,0,0.425,0.0,0.0,0.0,0.0,0.32839,8320.0,7472.585
LSNG.ME,9014,86400,2,7.03,6.86,6.85,7.07,7.03,6.86,6.85,7.07,3.8121548,307700,307700,6.9,6.9,71208689664,6.85,7.93,0.65423846,7.93,7.93,62224916480,0.18274,8465959936,0.96279997,10320100352,21.44,0.32182837,1703980800,1735603200,1703980800,19889981440,1.81,0.572,1.06,0.2526338,1267597800,10800000,23528099840,2.749,58691530752,26694369280,108842106880,14.547,12.716,0.126,0.33029,0.53924,0.42110002,6.9,7.229949999999989
TGKB.ME,0,86400,4,0.003605,0.003605,0.00359,0.003665,0.003605,0.003605,0.00359,0.003665,0.0,129000000,129000000,0.003605,0.00365,3972769536,0.00357,0.003665,0.07998264,0.00357,0.00357,15245910016,-0.02266,1060180000768,0.84339,1088430014464,0.039,0.093589745,1672444800,1703980800,1688083200,-2070290944,0.0,0.307,2.452,0.2526338,1267597800,10800000,613004992,0.001,6217191936,11675499520,49670397952,27.852,0.046,0.087,0.27226,0.12517,0.13941,0.00365,0.021533499999999987
AMEZ.ME,3,86400,2,21.375,21.52,21.3,21.99,21.375,21.52,21.3,21.99,0.89915967,147400,147400,21.4,21.68,10478039040,21.3,21.99,0.24028076,21.735,21.735,-11883732992,0.30621,489628000,0.0,489628000,88.225,0.24256164,1640908800,1672444800,1688083200,13352873984,23.8,-0.273,-0.97,0.2526338,1267597800,10800000,21596157952,55.533,12247247872,1390157952,43607482368,4.052,92.295,0.107,0.33143002,0.28085,0.25361001,21.4,21.948860000000014
KLSB.ME,461,86400,2,8.64,8.71,8.69,8.83,8.64,8.71,8.69,8.83,6.485074,4500,4500,8.69,8.74,652508544,8.69,9.4,0.024899635,9.4,9.4,3309000960,0.00387,75087296,0.855,75087296,16.722,0.51967466,1672444800,1703980800,1688083200,101438000,1.34,0.126,4.492,0.2526338,1267425000,10800000,183431008,2.443,736716032,2839922944,26205546496,226.175,346.32,0.069,0.08778,0.028110001,0.01627,8.69,9.101490000000007
PMSB.ME,1476,86400,2,114.9,115.0,114.0,115.5,114.9,115.0,114.0,115.5,5.705,6610,6610,114.0,114.9,5449598464,114.0,138.2,0.11316512,138.2,138.2,1378422400,0.02786,36211000,0.56687,47761600,81.491,1.4001546,1672444800,1703980800,1688083200,1021411008,20.0,0.029,0.837,0.2526338,1267684200,10800000,2777569024,76.705,1646843008,27942000,48156168192,0.947,1329.878,0.115,0.07697,0.0342,0.04241,114.1,116.25000000000017
KAZTP.ME,0,86400,2,417.2,415.4,414.0,419.2,417.2,415.4,414.0,419.2,3.4977276,730,730,414.0,415.8,69840748544,414.0,460.0,0.6808019,460.0,460.0,62714454016,0.3628,2215000,0.0,168048000,493.746,0.8417283,1640908800,1672444800,1688083200,37218000896,118.82,0.611,1.404,0.2526338,1323840600,10800000,27284000768,159.991,44673998848,18656999424,102585999360,22.044,578.861,-0.291,0.48699,0.43548,0.21471001,415.6,411.74199999999973
PMSBP.ME,1476,86400,2,118.0,117.2,117.0,119.6,118.0,117.2,117.0,119.6,5.9829917,3890,3890,118.8,119.4,5614777344,117.0,140.6,0.11659519,140.6,140.6,1581203840,0.02786,11353500,0.0,46946300,81.491,1.4676467,1672444800,1703980800,1688083200,1021411008,19.99,0.033,0.96,0.2526338,1267597800,10800000,2777569024,76.705,1646843008,27942000,48156168192,0.947,1329.878,0.115,0.07697,0.0342,0.04241,119.6,119.60150000000017
KRKNP.ME,1929,86400,2,10400.0,10460.0,10400.0,10540.0,10400.0,10460.0,10400.0,10540.0,1.5544351,169,169,10500.0,10540.0,4351282176,10400.0,14080.0,0.30591828,14080.0,14080.0,0,0.32201,748012,0.0,0,44804.7,0.2347968,1609372800,1640908800,1688083200,4297645568,6767.732,0.0,0.0,0.2526338,1323667800,10800000,0,0.0,6763345408,0,14223675392,0.0,22398.783,0.0,0.44876,0.4755,0.25939,10520.0,9770.7
AKRN.ME,0,86400,2,18402.0,18402.0,18322.0,18540.0,18402.0,18402.0,18322.0,18540.0,11.741085,1423,1423,18362.0,18362.0,674935734272,18270.0,18540.0,3.7609677,18270.0,18270.0,728274173952,0.19905001,36692700,0.94887,36757200,5547.507,3.3099554,1703980800,1735603200,1703980800,35720998912,1563.91,4.058,10.595,0.2526338,1267597800,10800000,78421000192,2137.647,68739997696,105866002432,179457998848,45.885,4889.559,-0.181,0.50517,0.38304,0.28662002,18362.0,14231.21
